Forward Current,Luminous Intensity
0.0,0.0
0.0,2.8025477707006368
0.0,1.4012738853503184
0.043316831683168314,4.203821656050955
0.043316831683168314,5.6050955414012735
0.08663366336633663,8.40764331210191
0.08663366336633663,7.006369426751592
0.12995049504950495,9.808917197452228
0.12995049504950495,8.40764331210191
0.17326732673267325,11.210191082802547
0.17326732673267325,9.808917197452228
0.21658415841584155,14.012738853503183
0.21658415841584155,12.611464968152866
0.2599009900990099,14.012738853503183
0.2599009900990099,15.414012738853502
0.2599009900990099,0.0
0.3032178217821782,15.414012738853502
0.3032178217821782,2.8025477707006368
0.3032178217821782,1.4012738853503184
0.3032178217821782,16.81528662420382
0.3465346534653465,4.203821656050955
0.3465346534653465,19.617834394904456
0.3465346534653465,18.21656050955414
0.3465346534653465,2.8025477707006368
0.3898514851485148,21.019108280254777
0.3898514851485148,4.203821656050955
0.3898514851485148,19.617834394904456
0.3898514851485148,5.6050955414012735
0.4331683168316831,22.420382165605094
0.4331683168316831,23.82165605095541
0.4331683168316831,7.006369426751592
0.4331683168316831,8.40764331210191
0.47648514851485146,23.82165605095541
0.47648514851485146,9.808917197452228
0.47648514851485146,8.40764331210191
0.47648514851485146,25.222929936305732
0.5198019801980198,26.62420382165605
0.5198019801980198,25.222929936305732
0.5198019801980198,12.611464968152866
0.5198019801980198,11.210191082802547
0.5631188118811881,28.025477707006367
0.5631188118811881,29.426751592356688
0.5631188118811881,12.611464968152866
0.5631188118811881,14.012738853503183
0.6064356435643564,29.426751592356688
0.6064356435643564,30.828025477707005
0.6064356435643564,14.012738853503183
0.6064356435643564,15.414012738853502
0.6497524752475247,32.22929936305732
0.6497524752475247,33.63057324840764
0.6497524752475247,18.21656050955414
0.6497524752475247,16.81528662420382
0.693069306930693,35.03184713375796
0.693069306930693,33.63057324840764
0.693069306930693,19.617834394904456
0.693069306930693,18.21656050955414
0.7363861386138614,21.019108280254777
0.7363861386138614,36.43312101910828
0.7363861386138614,35.03184713375796
0.7363861386138614,22.420382165605094
0.7797029702970296,22.420382165605094
0.7797029702970296,39.23566878980891
0.7797029702970296,23.82165605095541
0.7797029702970296,37.8343949044586
0.823019801980198,39.23566878980891
0.823019801980198,25.222929936305732
0.823019801980198,23.82165605095541
0.823019801980198,40.63694267515923
0.8663366336633662,42.038216560509554
0.8663366336633662,43.43949044585987
0.8663366336633662,26.62420382165605
0.8663366336633662,28.025477707006367
0.9096534653465346,29.426751592356688
0.9096534653465346,43.43949044585987
0.9096534653465346,44.84076433121019
0.9096534653465346,28.025477707006367
0.9529702970297029,44.84076433121019
0.9529702970297029,30.828025477707005
0.9529702970297029,46.24203821656051
0.9529702970297029,29.426751592356688
0.9962871287128712,33.63057324840764
0.9962871287128712,47.64331210191082
0.9962871287128712,49.044585987261144
0.9962871287128712,32.22929936305732
1.0396039603960396,49.044585987261144
1.0396039603960396,50.445859872611464
1.0396039603960396,35.03184713375796
1.0396039603960396,33.63057324840764
1.0829207920792079,51.84713375796178
1.0829207920792079,37.8343949044586
1.0829207920792079,53.2484076433121
1.0829207920792079,36.43312101910828
1.1262376237623761,53.2484076433121
1.1262376237623761,54.64968152866242
1.1262376237623761,39.23566878980891
1.1262376237623761,37.8343949044586
1.1695544554455444,39.23566878980891
1.1695544554455444,56.05095541401273
1.1695544554455444,54.64968152866242
1.1695544554455444,40.63694267515923
1.2128712871287128,57.452229299363054
1.2128712871287128,42.038216560509554
1.2128712871287128,58.853503184713375
1.2128712871287128,43.43949044585987
1.256188118811881,44.84076433121019
1.256188118811881,58.853503184713375
1.256188118811881,60.25477707006369
1.256188118811881,43.43949044585987
1.2995049504950493,60.25477707006369
1.2995049504950493,61.65605095541401
1.2995049504950493,46.24203821656051
1.2995049504950493,47.64331210191082
1.3428217821782178,64.45859872611464
1.3428217821782178,63.05732484076433
1.3428217821782178,47.64331210191082
1.3428217821782178,49.044585987261144
1.386138613861386,64.45859872611464
1.386138613861386,65.85987261146497
1.386138613861386,49.044585987261144
1.386138613861386,50.445859872611464
1.4294554455445543,65.85987261146497
1.4294554455445543,67.26114649681529
1.4294554455445543,51.84713375796178
1.4294554455445543,53.2484076433121
1.4727722772277227,70.06369426751591
1.4727722772277227,54.64968152866242
1.4727722772277227,53.2484076433121
1.4727722772277227,68.6624203821656
1.516089108910891,71.46496815286623
1.516089108910891,70.06369426751591
1.516089108910891,56.05095541401273
1.516089108910891,54.64968152866242
1.5594059405940592,58.853503184713375
1.5594059405940592,74.26751592356688
1.5594059405940592,72.86624203821655
1.5594059405940592,57.452229299363054
1.6027227722772277,74.26751592356688
1.6027227722772277,75.6687898089172
1.6027227722772277,58.853503184713375
1.6027227722772277,60.25477707006369
1.646039603960396,77.07006369426752
1.646039603960396,75.6687898089172
1.646039603960396,63.05732484076433
1.646039603960396,61.65605095541401
1.6893564356435642,78.47133757961782
1.6893564356435642,64.45859872611464
1.6893564356435642,63.05732484076433
1.6893564356435642,79.87261146496814
1.7326732673267324,65.85987261146497
1.7326732673267324,64.45859872611464
1.7326732673267324,81.27388535031847
1.7326732673267324,79.87261146496814
1.775990099009901,81.27388535031847
1.775990099009901,82.67515923566879
1.775990099009901,68.6624203821656
1.775990099009901,67.26114649681529
1.8193069306930691,85.47770700636943
1.8193069306930691,70.06369426751591
1.8193069306930691,84.07643312101911
1.8193069306930691,68.6624203821656
1.8626237623762374,71.46496815286623
1.8626237623762374,70.06369426751591
1.8626237623762374,86.87898089171973
1.8626237623762374,85.47770700636943
1.9059405940594059,89.68152866242038
1.9059405940594059,74.26751592356688
1.9059405940594059,72.86624203821655
1.9059405940594059,88.28025477707006
1.949257425742574,75.6687898089172
1.949257425742574,91.0828025477707
1.949257425742574,74.26751592356688
1.949257425742574,89.68152866242038
1.9925742574257423,91.0828025477707
1.9925742574257423,92.48407643312102
1.9925742574257423,75.6687898089172
1.9925742574257423,77.07006369426752
2.035891089108911,79.87261146496814
2.035891089108911,78.47133757961782
2.035891089108911,93.88535031847132
2.035891089108911,95.28662420382165
2.0792079207920793,81.27388535031847
2.0792079207920793,96.68789808917197
2.0792079207920793,79.87261146496814
2.0792079207920793,95.28662420382165
2.1225247524752473,82.67515923566879
2.1225247524752473,98.08917197452229
2.1225247524752473,96.68789808917197
2.1225247524752473,84.07643312101911
2.1658415841584158,99.49044585987261
2.1658415841584158,84.07643312101911
2.1658415841584158,85.47770700636943
2.1658415841584158,100.89171974522293
2.209158415841584,100.89171974522293
2.209158415841584,102.29299363057324
2.209158415841584,85.47770700636943
2.209158415841584,86.87898089171973
2.2524752475247523,103.69426751592356
2.2524752475247523,102.29299363057324
2.2524752475247523,88.28025477707006
2.2524752475247523,89.68152866242038
2.2957920792079207,105.09554140127388
2.2957920792079207,106.4968152866242
2.2957920792079207,91.0828025477707
2.2957920792079207,89.68152866242038
2.3391089108910887,107.89808917197452
2.3391089108910887,106.4968152866242
2.3391089108910887,91.0828025477707
2.3391089108910887,92.48407643312102
2.382425742574257,109.29936305732484
2.382425742574257,107.89808917197452
2.382425742574257,93.88535031847132
2.382425742574257,95.28662420382165
2.4257425742574257,112.10191082802547
2.4257425742574257,96.68789808917197
2.4257425742574257,95.28662420382165
2.4257425742574257,110.70063694267515
2.4690594059405937,112.10191082802547
2.4690594059405937,113.50318471337579
2.4690594059405937,96.68789808917197
2.4690594059405937,98.08917197452229
2.512376237623762,99.49044585987261
2.512376237623762,114.90445859872611
2.512376237623762,113.50318471337579
2.512376237623762,100.89171974522293
2.5556930693069306,116.30573248407643
2.5556930693069306,100.89171974522293
2.5556930693069306,117.70700636942675
2.5556930693069306,102.29299363057324
2.5990099009900987,119.10828025477706
2.5990099009900987,117.70700636942675
2.5990099009900987,102.29299363057324
2.5990099009900987,103.69426751592356
2.642326732673267,106.4968152866242
2.642326732673267,119.10828025477706
2.642326732673267,105.09554140127388
2.642326732673267,120.50955414012738
2.6856435643564356,121.9108280254777
2.6856435643564356,107.89808917197452
2.6856435643564356,123.31210191082802
2.6856435643564356,106.4968152866242
2.7289603960396036,124.71337579617834
2.7289603960396036,123.31210191082802
2.7289603960396036,109.29936305732484
2.7289603960396036,110.70063694267515
2.772277227722772,127.51592356687897
2.772277227722772,126.11464968152866
2.772277227722772,112.10191082802547
2.772277227722772,110.70063694267515
2.8155940594059405,127.51592356687897
2.8155940594059405,128.9171974522293
2.8155940594059405,113.50318471337579
2.8155940594059405,112.10191082802547
2.8589108910891086,130.3184713375796
2.8589108910891086,128.9171974522293
2.8589108910891086,114.90445859872611
2.8589108910891086,116.30573248407643
2.902227722772277,117.70700636942675
2.902227722772277,133.12101910828025
2.902227722772277,116.30573248407643
2.902227722772277,131.71974522292993
2.9455445544554455,134.52229299363057
2.9455445544554455,119.10828025477706
2.9455445544554455,117.70700636942675
2.9455445544554455,133.12101910828025
2.9888613861386135,135.9235668789809
2.9888613861386135,121.9108280254777
2.9888613861386135,134.52229299363057
2.9888613861386135,120.50955414012738
3.032178217821782,137.3248407643312
3.032178217821782,138.7261146496815
3.032178217821782,123.31210191082802
3.032178217821782,121.9108280254777
3.0754950495049505,140.12738853503183
3.0754950495049505,138.7261146496815
3.0754950495049505,124.71337579617834
3.0754950495049505,123.31210191082802
3.1188118811881185,141.52866242038215
3.1188118811881185,140.12738853503183
3.1188118811881185,127.51592356687897
3.1188118811881185,126.11464968152866
3.162128712871287,142.92993630573247
3.162128712871287,144.3312101910828
3.162128712871287,128.9171974522293
3.162128712871287,127.51592356687897
3.2054455445544554,144.3312101910828
3.2054455445544554,130.3184713375796
3.2054455445544554,128.9171974522293
3.2054455445544554,145.7324840764331
3.2487623762376234,145.7324840764331
3.2487623762376234,147.13375796178343
3.2487623762376234,133.12101910828025
3.2487623762376234,131.71974522292993
3.292079207920792,148.53503184713375
3.292079207920792,134.52229299363057
3.292079207920792,147.13375796178343
3.292079207920792,133.12101910828025
3.3353960396039604,149.93630573248407
3.3353960396039604,151.3375796178344
3.3353960396039604,134.52229299363057
3.3353960396039604,135.9235668789809
3.3787128712871284,152.7388535031847
3.3787128712871284,138.7261146496815
3.3787128712871284,137.3248407643312
3.3787128712871284,151.3375796178344
3.422029702970297,154.14012738853503
3.422029702970297,140.12738853503183
3.422029702970297,138.7261146496815
3.422029702970297,152.7388535031847
3.465346534653465,156.94267515923565
3.465346534653465,141.52866242038215
3.465346534653465,155.54140127388533
3.465346534653465,140.12738853503183
3.5086633663366333,158.34394904458597
3.5086633663366333,144.3312101910828
3.5086633663366333,142.92993630573247
3.5086633663366333,156.94267515923565
3.551980198019802,144.3312101910828
3.551980198019802,145.7324840764331
3.551980198019802,159.7452229299363
3.551980198019802,158.34394904458597
3.59529702970297,162.54777070063693
3.59529702970297,147.13375796178343
3.59529702970297,161.1464968152866
3.59529702970297,145.7324840764331
3.6386138613861383,163.94904458598725
3.6386138613861383,149.93630573248407
3.6386138613861383,162.54777070063693
3.6386138613861383,148.53503184713375
3.6819306930693068,165.35031847133757
3.6819306930693068,163.94904458598725
3.6819306930693068,149.93630573248407
3.6819306930693068,151.3375796178344
3.725247524752475,168.15286624203821
3.725247524752475,166.7515923566879
3.725247524752475,152.7388535031847
3.725247524752475,151.3375796178344
3.7685643564356432,169.55414012738854
3.7685643564356432,168.15286624203821
3.7685643564356432,154.14012738853503
3.7685643564356432,152.7388535031847
3.8118811881188117,156.94267515923565
3.8118811881188117,170.95541401273886
3.8118811881188117,155.54140127388533
3.8118811881188117,169.55414012738854
3.8551980198019797,172.35668789808915
3.8551980198019797,173.75796178343947
3.8551980198019797,158.34394904458597
3.8551980198019797,156.94267515923565
3.898514851485148,173.75796178343947
3.898514851485148,159.7452229299363
3.898514851485148,158.34394904458597
3.898514851485148,175.1592356687898
3.9418316831683167,176.5605095541401
3.9418316831683167,162.54777070063693
3.9418316831683167,161.1464968152866
3.9418316831683167,175.1592356687898
3.9851485148514847,177.96178343949043
3.9851485148514847,179.36305732484075
3.9851485148514847,162.54777070063693
3.9851485148514847,163.94904458598725
4.028465346534653,165.35031847133757
4.028465346534653,179.36305732484075
4.028465346534653,180.76433121019107
4.028465346534653,163.94904458598725
4.071782178217822,168.15286624203821
4.071782178217822,180.76433121019107
4.071782178217822,166.7515923566879
4.071782178217822,182.1656050955414
4.11509900990099,169.55414012738854
4.11509900990099,183.56687898089172
4.11509900990099,168.15286624203821
4.11509900990099,184.96815286624204
4.158415841584159,170.95541401273886
4.158415841584159,186.36942675159236
4.158415841584159,184.96815286624204
4.158415841584159,169.55414012738854
4.201732673267326,187.77070063694265
4.201732673267326,172.35668789808915
4.201732673267326,173.75796178343947
4.201732673267326,186.36942675159236
4.245049504950495,190.5732484076433
4.245049504950495,189.17197452229297
4.245049504950495,175.1592356687898
4.245049504950495,173.75796178343947
4.288366336633663,191.9745222929936
4.288366336633663,190.5732484076433
4.288366336633663,176.5605095541401
4.288366336633663,175.1592356687898
4.3316831683168315,193.37579617834393
4.3316831683168315,191.9745222929936
4.3316831683168315,177.96178343949043
4.3316831683168315,179.36305732484075
4.375,180.76433121019107
4.375,196.17834394904457
4.375,179.36305732484075
4.375,194.77707006369425
4.418316831683168,180.76433121019107
4.418316831683168,197.5796178343949
4.418316831683168,182.1656050955414
4.418316831683168,196.17834394904457
4.461633663366336,198.98089171974522
4.461633663366336,183.56687898089172
4.461633663366336,197.5796178343949
4.461633663366336,184.96815286624204
4.5049504950495045,186.36942675159236
4.5049504950495045,184.96815286624204
4.5049504950495045,200.38216560509554
4.5049504950495045,198.98089171974522
4.548267326732673,203.18471337579618
4.548267326732673,186.36942675159236
4.548267326732673,201.78343949044586
4.548267326732673,187.77070063694265
4.591584158415841,203.18471337579618
4.591584158415841,204.58598726114647
4.591584158415841,190.5732484076433
4.591584158415841,189.17197452229297
4.63490099009901,205.9872611464968
4.63490099009901,191.9745222929936
4.63490099009901,204.58598726114647
4.63490099009901,190.5732484076433
4.6782178217821775,193.37579617834393
4.6782178217821775,191.9745222929936
4.6782178217821775,207.3885350318471
4.6782178217821775,208.78980891719743
4.721534653465346,208.78980891719743
4.721534653465346,210.19108280254775
4.721534653465346,194.77707006369425
4.721534653465346,196.17834394904457
4.764851485148514,211.59235668789808
4.764851485148514,210.19108280254775
4.764851485148514,197.5796178343949
4.764851485148514,196.17834394904457
4.808168316831683,197.5796178343949
4.808168316831683,211.59235668789808
4.808168316831683,198.98089171974522
4.808168316831683,212.9936305732484
4.851485148514851,198.98089171974522
4.851485148514851,215.79617834394904
4.851485148514851,200.38216560509554
4.851485148514851,214.39490445859872
4.89480198019802,215.79617834394904
4.89480198019802,217.19745222929936
4.89480198019802,201.78343949044586
4.89480198019802,203.18471337579618
4.938118811881187,218.59872611464968
4.938118811881187,217.19745222929936
4.938118811881187,204.58598726114647
4.938118811881187,203.18471337579618
4.981435643564356,205.9872611464968
4.981435643564356,218.59872611464968
4.981435643564356,204.58598726114647
4.981435643564356,220.0
5.024752475247524,207.3885350318471
5.024752475247524,205.9872611464968
5.024752475247524,222.8025477707006
5.024752475247524,221.4012738853503
5.068069306930693,224.20382165605093
5.068069306930693,208.78980891719743
5.068069306930693,222.8025477707006
5.068069306930693,210.19108280254775
5.111386138613861,224.20382165605093
5.111386138613861,210.19108280254775
5.111386138613861,225.60509554140125
5.111386138613861,211.59235668789808
5.15470297029703,225.60509554140125
5.15470297029703,227.00636942675158
5.15470297029703,211.59235668789808
5.15470297029703,212.9936305732484
5.198019801980197,229.80891719745222
5.198019801980197,214.39490445859872
5.198019801980197,215.79617834394904
5.198019801980197,228.4076433121019
5.241336633663366,217.19745222929936
5.241336633663366,229.80891719745222
5.241336633663366,231.21019108280254
5.241336633663366,215.79617834394904
5.284653465346534,217.19745222929936
5.284653465346534,231.21019108280254
5.284653465346534,218.59872611464968
5.284653465346534,232.61146496815286
5.327970297029703,218.59872611464968
5.327970297029703,234.01273885350318
5.327970297029703,232.61146496815286
5.327970297029703,220.0
5.371287128712871,236.8152866242038
5.371287128712871,235.4140127388535
5.371287128712871,221.4012738853503
5.371287128712871,222.8025477707006
5.41460396039604,238.2165605095541
5.41460396039604,224.20382165605093
5.41460396039604,236.8152866242038
5.41460396039604,222.8025477707006
5.457920792079207,225.60509554140125
5.457920792079207,238.2165605095541
5.457920792079207,239.61783439490443
5.457920792079207,224.20382165605093
5.501237623762376,227.00636942675158
5.501237623762376,239.61783439490443
5.501237623762376,241.01910828025476
5.501237623762376,225.60509554140125
5.544554455445544,243.8216560509554
5.544554455445544,227.00636942675158
5.544554455445544,228.4076433121019
5.544554455445544,242.42038216560508
5.587871287128713,231.21019108280254
5.587871287128713,245.22292993630572
5.587871287128713,229.80891719745222
5.587871287128713,243.8216560509554
5.631188118811881,232.61146496815286
5.631188118811881,246.62420382165604
5.631188118811881,245.22292993630572
5.631188118811881,231.21019108280254
5.674504950495049,248.02547770700636
5.674504950495049,246.62420382165604
5.674504950495049,232.61146496815286
5.674504950495049,234.01273885350318
5.717821782178217,250.828025477707
5.717821782178217,249.42675159235668
5.717821782178217,235.4140127388535
5.717821782178217,234.01273885350318
5.761138613861386,238.2165605095541
5.761138613861386,250.828025477707
5.761138613861386,236.8152866242038
5.761138613861386,252.22929936305732
5.804455445544554,238.2165605095541
5.804455445544554,253.63057324840761
5.804455445544554,239.61783439490443
5.804455445544554,252.22929936305732
5.8477722772277225,239.61783439490443
5.8477722772277225,255.03184713375794
5.8477722772277225,253.63057324840761
5.8477722772277225,241.01910828025476
5.891089108910891,256.4331210191083
5.891089108910891,257.8343949044586
5.891089108910891,242.42038216560508
5.891089108910891,241.01910828025476
5.934405940594059,257.8343949044586
5.934405940594059,259.2356687898089
5.934405940594059,243.8216560509554
5.934405940594059,245.22292993630572
5.977722772277227,246.62420382165604
5.977722772277227,245.22292993630572
5.977722772277227,259.2356687898089
5.977722772277227,260.6369426751592
6.0210396039603955,260.6369426751592
6.0210396039603955,262.0382165605095
6.0210396039603955,248.02547770700636
6.0210396039603955,246.62420382165604
6.064356435643564,263.43949044585986
6.064356435643564,264.84076433121015
6.064356435643564,249.42675159235668
6.064356435643564,248.02547770700636
6.107673267326732,250.828025477707
6.107673267326732,264.84076433121015
6.107673267326732,266.2420382165605
6.107673267326732,252.22929936305732
6.150990099009901,267.6433121019108
6.150990099009901,266.2420382165605
6.150990099009901,252.22929936305732
6.150990099009901,253.63057324840761
6.1943069306930685,269.04458598726114
6.1943069306930685,267.6433121019108
6.1943069306930685,255.03184713375794
6.1943069306930685,253.63057324840761
6.237623762376237,270.44585987261144
6.237623762376237,269.04458598726114
6.237623762376237,256.4331210191083
6.237623762376237,255.03184713375794
6.280940594059405,259.2356687898089
6.280940594059405,273.2484076433121
6.280940594059405,257.8343949044586
6.280940594059405,271.8471337579618
6.324257425742574,274.6496815286624
6.324257425742574,273.2484076433121
6.324257425742574,259.2356687898089
6.324257425742574,260.6369426751592
6.367574257425742,262.0382165605095
6.367574257425742,276.0509554140127
6.367574257425742,260.6369426751592
6.367574257425742,274.6496815286624
6.410891089108911,263.43949044585986
6.410891089108911,277.452229299363
6.410891089108911,262.0382165605095
6.410891089108911,276.0509554140127
6.454207920792078,266.2420382165605
6.454207920792078,278.85350318471336
6.454207920792078,264.84076433121015
6.454207920792078,280.25477707006365
6.497524752475247,281.656050955414
6.497524752475247,280.25477707006365
6.497524752475247,266.2420382165605
6.497524752475247,267.6433121019108
6.540841584158415,269.04458598726114
6.540841584158415,281.656050955414
6.540841584158415,283.0573248407643
6.540841584158415,267.6433121019108
6.584158415841584,269.04458598726114
6.584158415841584,284.45859872611464
6.584158415841584,283.0573248407643
6.584158415841584,270.44585987261144
6.627475247524752,287.2611464968153
6.627475247524752,285.85987261146494
6.627475247524752,271.8471337579618
6.627475247524752,273.2484076433121
6.670792079207921,273.2484076433121
6.670792079207921,288.6624203821656
6.670792079207921,287.2611464968153
6.670792079207921,274.6496815286624
6.714108910891088,290.0636942675159
6.714108910891088,274.6496815286624
6.714108910891088,288.6624203821656
6.714108910891088,276.0509554140127
6.757425742574257,290.0636942675159
6.757425742574257,277.452229299363
6.757425742574257,276.0509554140127
6.757425742574257,291.4649681528662
6.800742574257425,292.86624203821657
6.800742574257425,294.26751592356686
6.800742574257425,280.25477707006365
6.800742574257425,278.85350318471336
6.844059405940594,295.66878980891715
6.844059405940594,294.26751592356686
6.844059405940594,281.656050955414
6.844059405940594,280.25477707006365
6.887376237623762,295.66878980891715
6.887376237623762,297.0700636942675
6.887376237623762,281.656050955414
6.887376237623762,283.0573248407643
6.93069306930693,297.0700636942675
6.93069306930693,298.4713375796178
6.93069306930693,284.45859872611464
6.93069306930693,283.0573248407643
6.974009900990098,299.87261146496814
6.974009900990098,285.85987261146494
6.974009900990098,284.45859872611464
6.974009900990098,301.27388535031844
7.017326732673267,301.27388535031844
7.017326732673267,302.6751592356688
7.017326732673267,288.6624203821656
7.017326732673267,287.2611464968153
7.060643564356435,304.0764331210191
7.060643564356435,302.6751592356688
7.060643564356435,288.6624203821656
7.060643564356435,290.0636942675159
7.103960396039604,305.4777070063694
7.103960396039604,304.0764331210191
7.103960396039604,290.0636942675159
7.103960396039604,291.4649681528662
7.147277227722772,306.8789808917197
7.147277227722772,291.4649681528662
7.147277227722772,308.28025477707007
7.147277227722772,292.86624203821657
7.19059405940594,309.68152866242036
7.19059405940594,308.28025477707007
7.19059405940594,295.66878980891715
7.19059405940594,294.26751592356686
7.233910891089108,297.0700636942675
7.233910891089108,311.08280254777065
7.233910891089108,295.66878980891715
7.233910891089108,309.68152866242036
7.277227722772277,311.08280254777065
7.277227722772277,312.484076433121
7.277227722772277,297.0700636942675
7.277227722772277,298.4713375796178
7.320544554455445,313.8853503184713
7.320544554455445,298.4713375796178
7.320544554455445,299.87261146496814
7.320544554455445,315.28662420382165
7.3638613861386135,315.28662420382165
7.3638613861386135,301.27388535031844
7.3638613861386135,316.68789808917194
7.3638613861386135,302.6751592356688
7.407178217821782,318.0891719745223
7.407178217821782,302.6751592356688
7.407178217821782,316.68789808917194
7.407178217821782,304.0764331210191
7.45049504950495,304.0764331210191
7.45049504950495,319.4904458598726
7.45049504950495,318.0891719745223
7.45049504950495,305.4777070063694
7.493811881188118,319.4904458598726
7.493811881188118,305.4777070063694
7.493811881188118,306.8789808917197
7.493811881188118,320.89171974522293
7.5371287128712865,309.68152866242036
7.5371287128712865,323.69426751592357
7.5371287128712865,308.28025477707007
7.5371287128712865,322.2929936305732
7.580445544554455,309.68152866242036
7.580445544554455,325.09554140127386
7.580445544554455,311.08280254777065
7.580445544554455,323.69426751592357
7.623762376237623,326.49681528662416
7.623762376237623,325.09554140127386
7.623762376237623,311.08280254777065
7.623762376237623,312.484076433121
7.667079207920792,327.8980891719745
7.667079207920792,326.49681528662416
7.667079207920792,313.8853503184713
7.667079207920792,312.484076433121
7.7103960396039595,329.2993630573248
7.7103960396039595,330.70063694267515
7.7103960396039595,315.28662420382165
7.7103960396039595,316.68789808917194
7.753712871287128,318.0891719745223
7.753712871287128,330.70063694267515
7.753712871287128,316.68789808917194
7.753712871287128,332.10191082802544
7.797029702970296,333.5031847133758
7.797029702970296,318.0891719745223
7.797029702970296,332.10191082802544
7.797029702970296,319.4904458598726
7.840346534653465,319.4904458598726
7.840346534653465,334.9044585987261
7.840346534653465,333.5031847133758
7.840346534653465,320.89171974522293
7.883663366336633,334.9044585987261
7.883663366336633,322.2929936305732
7.883663366336633,320.89171974522293
7.883663366336633,336.30573248407643
7.926980198019802,339.10828025477707
7.926980198019802,337.7070063694267
7.926980198019802,323.69426751592357
7.926980198019802,325.09554140127386
7.970297029702969,326.49681528662416
7.970297029702969,340.50955414012736
7.970297029702969,339.10828025477707
7.970297029702969,325.09554140127386
8.013613861386139,341.9108280254777
8.013613861386139,327.8980891719745
8.013613861386139,340.50955414012736
8.013613861386139,326.49681528662416
8.056930693069306,341.9108280254777
8.056930693069306,329.2993630573248
8.056930693069306,327.8980891719745
8.056930693069306,343.312101910828
8.100247524752474,332.10191082802544
8.100247524752474,346.11464968152865
8.100247524752474,344.7133757961783
8.100247524752474,330.70063694267515
8.143564356435643,347.51592356687894
8.143564356435643,333.5031847133758
8.143564356435643,346.11464968152865
8.143564356435643,332.10191082802544
8.18688118811881,347.51592356687894
8.18688118811881,348.9171974522293
8.18688118811881,334.9044585987261
8.18688118811881,333.5031847133758
8.23019801980198,350.3184713375796
8.23019801980198,336.30573248407643
8.23019801980198,334.9044585987261
8.23019801980198,348.9171974522293
8.273514851485148,350.3184713375796
8.273514851485148,351.71974522292993
8.273514851485148,337.7070063694267
8.273514851485148,336.30573248407643
8.316831683168317,340.50955414012736
8.316831683168317,339.10828025477707
8.316831683168317,354.5222929936306
8.316831683168317,353.1210191082802
8.360148514851485,355.92356687898086
8.360148514851485,340.50955414012736
8.360148514851485,354.5222929936306
8.360148514851485,341.9108280254777
8.403465346534652,343.312101910828
8.403465346534652,341.9108280254777
8.403465346534652,355.92356687898086
8.403465346534652,357.3248407643312
8.446782178217822,357.3248407643312
8.446782178217822,358.7261146496815
8.446782178217822,343.312101910828
8.446782178217822,344.7133757961783
8.49009900990099,361.52866242038215
8.49009900990099,347.51592356687894
8.49009900990099,360.1273885350318
8.49009900990099,346.11464968152865
8.533415841584159,348.9171974522293
8.533415841584159,361.52866242038215
8.533415841584159,347.51592356687894
8.533415841584159,362.92993630573244
8.576732673267326,362.92993630573244
8.576732673267326,350.3184713375796
8.576732673267326,364.3312101910828
8.576732673267326,348.9171974522293
8.620049504950494,365.7324840764331
8.620049504950494,364.3312101910828
8.620049504950494,351.71974522292993
8.620049504950494,350.3184713375796
8.663366336633663,367.13375796178343
8.663366336633663,365.7324840764331
8.663366336633663,353.1210191082802
8.663366336633663,351.71974522292993
8.70668316831683,368.5350318471337
8.70668316831683,369.9363057324841
8.70668316831683,355.92356687898086
8.70668316831683,354.5222929936306
8.75,371.33757961783436
8.75,369.9363057324841
8.75,355.92356687898086
8.75,357.3248407643312
8.793316831683168,372.7388535031847
8.793316831683168,371.33757961783436
8.793316831683168,358.7261146496815
8.793316831683168,357.3248407643312
8.836633663366335,358.7261146496815
8.836633663366335,374.140127388535
8.836633663366335,360.1273885350318
8.836633663366335,372.7388535031847
8.879950495049505,361.52866242038215
8.879950495049505,374.140127388535
8.879950495049505,362.92993630573244
8.879950495049505,375.5414012738853
8.923267326732672,364.3312101910828
8.923267326732672,362.92993630573244
8.923267326732672,378.34394904458594
8.923267326732672,376.94267515923565
8.966584158415841,378.34394904458594
8.966584158415841,379.7452229299363
8.966584158415841,364.3312101910828
8.966584158415841,365.7324840764331
9.009900990099009,381.1464968152866
9.009900990099009,365.7324840764331
9.009900990099009,379.7452229299363
9.009900990099009,367.13375796178343
9.053217821782178,382.54777070063693
9.053217821782178,367.13375796178343
9.053217821782178,381.1464968152866
9.053217821782178,368.5350318471337
9.096534653465346,368.5350318471337
9.096534653465346,369.9363057324841
9.096534653465346,383.9490445859872
9.096534653465346,382.54777070063693
9.139851485148514,386.75159235668787
9.139851485148514,372.7388535031847
9.139851485148514,385.3503184713376
9.139851485148514,371.33757961783436
9.183168316831683,388.1528662420382
9.183168316831683,374.140127388535
9.183168316831683,372.7388535031847
9.183168316831683,386.75159235668787
9.22648514851485,389.5541401273885
9.22648514851485,388.1528662420382
9.22648514851485,375.5414012738853
9.22648514851485,374.140127388535
9.26980198019802,389.5541401273885
9.26980198019802,390.95541401273886
9.26980198019802,375.5414012738853
9.26980198019802,376.94267515923565
9.313118811881187,390.95541401273886
9.313118811881187,392.35668789808915
9.313118811881187,376.94267515923565
9.313118811881187,378.34394904458594
9.356435643564355,392.35668789808915
9.356435643564355,393.75796178343944
9.356435643564355,379.7452229299363
9.356435643564355,381.1464968152866
9.399752475247524,396.5605095541401
9.399752475247524,381.1464968152866
9.399752475247524,395.1592356687898
9.399752475247524,382.54777070063693
9.443069306930692,396.5605095541401
9.443069306930692,382.54777070063693
9.443069306930692,397.96178343949043
9.443069306930692,383.9490445859872
9.486386138613861,397.96178343949043
9.486386138613861,383.9490445859872
9.486386138613861,399.3630573248407
9.486386138613861,385.3503184713376
9.529702970297029,399.3630573248407
9.529702970297029,385.3503184713376
9.529702970297029,386.75159235668787
9.529702970297029,400.7643312101911
9.573019801980198,400.7643312101911
9.573019801980198,388.1528662420382
9.573019801980198,402.16560509554137
9.573019801980198,389.5541401273885
9.616336633663366,390.95541401273886
9.616336633663366,404.968152866242
9.616336633663366,389.5541401273885
9.616336633663366,403.5668789808917
9.659653465346533,406.36942675159236
9.659653465346533,404.968152866242
9.659653465346533,392.35668789808915
9.659653465346533,390.95541401273886
9.702970297029703,407.77070063694265
9.702970297029703,393.75796178343944
9.702970297029703,392.35668789808915
9.702970297029703,406.36942675159236
9.74628712871287,409.17197452229294
9.74628712871287,395.1592356687898
9.74628712871287,407.77070063694265
9.74628712871287,393.75796178343944
9.78960396039604,397.96178343949043
9.78960396039604,396.5605095541401
9.78960396039604,409.17197452229294
9.78960396039604,410.5732484076433
9.832920792079207,413.37579617834393
9.832920792079207,397.96178343949043
9.832920792079207,399.3630573248407
9.832920792079207,411.9745222929936
9.876237623762375,400.7643312101911
9.876237623762375,414.7770700636942
9.876237623762375,399.3630573248407
9.876237623762375,413.37579617834393
9.919554455445544,416.1783439490446
9.919554455445544,402.16560509554137
9.919554455445544,414.7770700636942
9.919554455445544,400.7643312101911
9.962871287128712,403.5668789808917
9.962871287128712,417.57961783439487
9.962871287128712,416.1783439490446
9.962871287128712,402.16560509554137
10.006188118811881,417.57961783439487
10.006188118811881,418.9808917197452
10.006188118811881,403.5668789808917
10.006188118811881,404.968152866242
10.049504950495049,407.77070063694265
10.049504950495049,406.36942675159236
10.049504950495049,418.9808917197452
10.049504950495049,420.3821656050955
10.092821782178216,409.17197452229294
10.092821782178216,423.18471337579615
10.092821782178216,407.77070063694265
10.092821782178216,421.78343949044586
10.136138613861386,409.17197452229294
10.136138613861386,424.58598726114644
10.136138613861386,423.18471337579615
10.136138613861386,410.5732484076433
10.179455445544553,410.5732484076433
10.179455445544553,424.58598726114644
10.179455445544553,425.9872611464968
10.179455445544553,411.9745222929936
10.222772277227723,411.9745222929936
10.222772277227723,413.37579617834393
10.222772277227723,425.9872611464968
10.222772277227723,427.3885350318471
10.26608910891089,427.3885350318471
10.26608910891089,428.78980891719743
10.26608910891089,416.1783439490446
10.26608910891089,414.7770700636942
10.30940594059406,416.1783439490446
10.30940594059406,428.78980891719743
10.30940594059406,417.57961783439487
10.30940594059406,430.1910828025477
10.352722772277227,431.5923566878981
10.352722772277227,430.1910828025477
10.352722772277227,417.57961783439487
10.352722772277227,418.9808917197452
10.396039603960395,434.3949044585987
10.396039603960395,432.99363057324837
10.396039603960395,418.9808917197452
10.396039603960395,420.3821656050955
10.439356435643564,421.78343949044586
10.439356435643564,435.796178343949
10.439356435643564,420.3821656050955
10.439356435643564,434.3949044585987
10.482673267326732,435.796178343949
10.482673267326732,421.78343949044586
10.482673267326732,423.18471337579615
10.482673267326732,437.19745222929936
10.525990099009901,438.59872611464965
10.525990099009901,437.19745222929936
10.525990099009901,423.18471337579615
10.525990099009901,424.58598726114644
10.569306930693068,425.9872611464968
10.569306930693068,438.59872611464965
10.569306930693068,440.0
10.569306930693068,427.3885350318471
10.612623762376236,441.4012738853503
10.612623762376236,440.0
10.612623762376236,428.78980891719743
10.612623762376236,427.3885350318471
10.655940594059405,442.8025477707006
10.655940594059405,441.4012738853503
10.655940594059405,430.1910828025477
10.655940594059405,428.78980891719743
10.699257425742573,431.5923566878981
10.699257425742573,444.20382165605093
10.699257425742573,445.6050955414012
10.699257425742573,430.1910828025477
10.742574257425742,447.0063694267516
10.742574257425742,431.5923566878981
10.742574257425742,445.6050955414012
10.742574257425742,432.99363057324837
10.78589108910891,447.0063694267516
10.78589108910891,434.3949044585987
10.78589108910891,432.99363057324837
10.78589108910891,448.40764331210187
10.82920792079208,448.40764331210187
10.82920792079208,449.8089171974522
10.82920792079208,435.796178343949
10.82920792079208,434.3949044585987
10.872524752475247,449.8089171974522
10.872524752475247,451.2101910828025
10.872524752475247,437.19745222929936
10.872524752475247,438.59872611464965
10.915841584158414,452.61146496815286
10.915841584158414,440.0
10.915841584158414,438.59872611464965
10.915841584158414,451.2101910828025
10.959158415841584,454.01273885350315
10.959158415841584,441.4012738853503
10.959158415841584,440.0
10.959158415841584,452.61146496815286
11.002475247524751,455.4140127388535
11.002475247524751,442.8025477707006
11.002475247524751,441.4012738853503
11.002475247524751,456.8152866242038
11.04579207920792,456.8152866242038
11.04579207920792,458.2165605095541
11.04579207920792,444.20382165605093
11.04579207920792,442.8025477707006
11.089108910891088,444.20382165605093
11.089108910891088,459.61783439490443
11.089108910891088,445.6050955414012
11.089108910891088,458.2165605095541
11.132425742574256,461.0191082802547
11.132425742574256,459.61783439490443
11.132425742574256,445.6050955414012
11.132425742574256,447.0063694267516
11.175742574257425,448.40764331210187
11.175742574257425,462.4203821656051
11.175742574257425,461.0191082802547
11.175742574257425,449.8089171974522
11.219059405940593,462.4203821656051
11.219059405940593,451.2101910828025
11.219059405940593,463.82165605095537
11.219059405940593,449.8089171974522
11.262376237623762,463.82165605095537
11.262376237623762,451.2101910828025
11.262376237623762,465.2229299363057
11.262376237623762,452.61146496815286
11.30569306930693,468.02547770700636
11.30569306930693,452.61146496815286
11.30569306930693,454.01273885350315
11.30569306930693,466.624203821656
11.349009900990097,455.4140127388535
11.349009900990097,454.01273885350315
11.349009900990097,469.42675159235665
11.349009900990097,468.02547770700636
11.392326732673267,455.4140127388535
11.392326732673267,470.828025477707
11.392326732673267,469.42675159235665
11.392326732673267,456.8152866242038
11.435643564356434,470.828025477707
11.435643564356434,458.2165605095541
11.435643564356434,472.2292993630573
11.435643564356434,456.8152866242038
11.478960396039604,472.2292993630573
11.478960396039604,473.6305732484076
11.478960396039604,461.0191082802547
11.478960396039604,459.61783439490443
11.522277227722771,473.6305732484076
11.522277227722771,475.03184713375794
11.522277227722771,461.0191082802547
11.522277227722771,462.4203821656051
11.56559405940594,475.03184713375794
11.56559405940594,476.4331210191082
11.56559405940594,463.82165605095537
11.56559405940594,462.4203821656051
11.608910891089108,476.4331210191082
11.608910891089108,477.8343949044586
11.608910891089108,465.2229299363057
11.608910891089108,463.82165605095537
11.652227722772276,479.23566878980887
11.652227722772276,465.2229299363057
11.652227722772276,466.624203821656
11.652227722772276,477.8343949044586
11.695544554455445,480.6369426751592
11.695544554455445,482.0382165605095
11.695544554455445,466.624203821656
11.695544554455445,468.02547770700636
11.738861386138613,482.0382165605095
11.738861386138613,483.43949044585986
11.738861386138613,469.42675159235665
11.738861386138613,468.02547770700636
11.782178217821782,469.42675159235665
11.782178217821782,484.84076433121015
11.782178217821782,470.828025477707
11.782178217821782,483.43949044585986
11.82549504950495,472.2292993630573
11.82549504950495,484.84076433121015
11.82549504950495,473.6305732484076
11.82549504950495,486.2420382165605
11.868811881188117,486.2420382165605
11.868811881188117,473.6305732484076
11.868811881188117,487.6433121019108
11.868811881188117,475.03184713375794
11.912128712871286,487.6433121019108
11.912128712871286,489.04458598726114
11.912128712871286,475.03184713375794
11.912128712871286,476.4331210191082
11.955445544554454,490.44585987261144
11.955445544554454,476.4331210191082
11.955445544554454,489.04458598726114
11.955445544554454,477.8343949044586
11.998762376237623,477.8343949044586
11.998762376237623,491.8471337579617
11.998762376237623,490.44585987261144
11.998762376237623,479.23566878980887
12.042079207920791,494.64968152866237
12.042079207920791,493.2484076433121
12.042079207920791,479.23566878980887
12.042079207920791,480.6369426751592
12.08539603960396,482.0382165605095
12.08539603960396,480.6369426751592
12.08539603960396,496.0509554140127
12.08539603960396,494.64968152866237
12.128712871287128,497.452229299363
12.128712871287128,496.0509554140127
12.128712871287128,482.0382165605095
12.128712871287128,483.43949044585986
12.172029702970296,497.452229299363
12.172029702970296,484.84076433121015
12.172029702970296,498.85350318471336
12.172029702970296,483.43949044585986
12.215346534653465,498.85350318471336
12.215346534653465,500.25477707006365
12.215346534653465,486.2420382165605
12.215346534653465,487.6433121019108
12.258663366336632,487.6433121019108
12.258663366336632,501.656050955414
12.258663366336632,500.25477707006365
12.258663366336632,489.04458598726114
12.301980198019802,503.0573248407643
12.301980198019802,501.656050955414
12.301980198019802,490.44585987261144
12.301980198019802,489.04458598726114
12.34529702970297,503.0573248407643
12.34529702970297,504.45859872611464
12.34529702970297,490.44585987261144
12.34529702970297,491.8471337579617
12.388613861386137,493.2484076433121
12.388613861386137,505.85987261146494
12.388613861386137,491.8471337579617
12.388613861386137,504.45859872611464
12.431930693069306,508.6624203821656
12.431930693069306,494.64968152866237
12.431930693069306,507.26114649681523
12.431930693069306,493.2484076433121
12.475247524752474,496.0509554140127
12.475247524752474,510.06369426751587
12.475247524752474,508.6624203821656
12.475247524752474,494.64968152866237
12.518564356435643,496.0509554140127
12.518564356435643,510.06369426751587
12.518564356435643,497.452229299363
12.518564356435643,511.4649681528662
12.56188118811881,511.4649681528662
12.56188118811881,512.8662420382166
12.56188118811881,497.452229299363
12.56188118811881,498.85350318471336
12.605198019801978,514.2675159235669
12.605198019801978,501.656050955414
12.605198019801978,512.8662420382166
12.605198019801978,500.25477707006365
12.648514851485148,515.6687898089172
12.648514851485148,503.0573248407643
12.648514851485148,514.2675159235669
12.648514851485148,501.656050955414
12.691831683168315,504.45859872611464
12.691831683168315,517.0700636942674
12.691831683168315,515.6687898089172
12.691831683168315,503.0573248407643
12.735148514851485,518.4713375796179
12.735148514851485,517.0700636942674
12.735148514851485,505.85987261146494
12.735148514851485,504.45859872611464
12.778465346534652,505.85987261146494
12.778465346534652,518.4713375796179
12.778465346534652,507.26114649681523
12.778465346534652,519.8726114649681
12.821782178217822,519.8726114649681
12.821782178217822,521.2738853503184
12.821782178217822,507.26114649681523
12.821782178217822,508.6624203821656
12.86509900990099,522.6751592356687
12.86509900990099,521.2738853503184
12.86509900990099,510.06369426751587
12.86509900990099,508.6624203821656
12.908415841584157,510.06369426751587
12.908415841584157,524.076433121019
12.908415841584157,511.4649681528662
12.908415841584157,525.4777070063694
12.951732673267326,526.8789808917197
12.951732673267326,511.4649681528662
12.951732673267326,512.8662420382166
12.951732673267326,525.4777070063694
12.995049504950494,528.28025477707
12.995049504950494,526.8789808917197
12.995049504950494,512.8662420382166
12.995049504950494,514.2675159235669
13.038366336633663,529.6815286624203
13.038366336633663,528.28025477707
13.038366336633663,515.6687898089172
13.038366336633663,514.2675159235669
13.08168316831683,518.4713375796179
13.08168316831683,517.0700636942674
13.08168316831683,529.6815286624203
13.08168316831683,531.0828025477707
13.124999999999998,531.0828025477707
13.124999999999998,532.484076433121
13.124999999999998,519.8726114649681
13.124999999999998,518.4713375796179
13.168316831683168,532.484076433121
13.168316831683168,533.8853503184713
13.168316831683168,521.2738853503184
13.168316831683168,519.8726114649681
13.211633663366335,535.2866242038216
13.211633663366335,533.8853503184713
13.211633663366335,522.6751592356687
13.211633663366335,521.2738853503184
13.254950495049505,522.6751592356687
13.254950495049505,524.076433121019
13.254950495049505,535.2866242038216
13.254950495049505,536.687898089172
13.298267326732672,538.0891719745223
13.298267326732672,525.4777070063694
13.298267326732672,524.076433121019
13.298267326732672,536.687898089172
13.341584158415841,525.4777070063694
13.341584158415841,538.0891719745223
13.341584158415841,526.8789808917197
13.341584158415841,539.4904458598726
13.384900990099009,540.8917197452229
13.384900990099009,539.4904458598726
13.384900990099009,528.28025477707
13.384900990099009,526.8789808917197
13.428217821782177,528.28025477707
13.428217821782177,543.6942675159236
13.428217821782177,542.2929936305732
13.428217821782177,529.6815286624203
13.471534653465346,543.6942675159236
13.471534653465346,531.0828025477707
13.471534653465346,545.0955414012739
13.471534653465346,529.6815286624203
13.514851485148514,545.0955414012739
13.514851485148514,531.0828025477707
13.514851485148514,546.4968152866242
13.514851485148514,532.484076433121
13.558168316831683,546.4968152866242
13.558168316831683,547.8980891719744
13.558168316831683,532.484076433121
13.558168316831683,533.8853503184713
13.60148514851485,547.8980891719744
13.60148514851485,549.2993630573249
13.60148514851485,535.2866242038216
13.60148514851485,536.687898089172
13.644801980198018,549.2993630573249
13.644801980198018,550.7006369426751
13.644801980198018,538.0891719745223
13.644801980198018,536.687898089172
13.688118811881187,538.0891719745223
13.688118811881187,550.7006369426751
13.688118811881187,552.1019108280254
13.688118811881187,539.4904458598726
13.731435643564355,552.1019108280254
13.731435643564355,553.5031847133757
13.731435643564355,539.4904458598726
13.731435643564355,540.8917197452229
13.774752475247524,554.904458598726
13.774752475247524,553.5031847133757
13.774752475247524,540.8917197452229
13.774752475247524,542.2929936305732
13.818069306930692,543.6942675159236
13.818069306930692,542.2929936305732
13.818069306930692,556.3057324840764
13.818069306930692,554.904458598726
13.86138613861386,557.7070063694267
13.86138613861386,556.3057324840764
13.86138613861386,545.0955414012739
13.86138613861386,543.6942675159236
13.904702970297029,546.4968152866242
13.904702970297029,559.108280254777
13.904702970297029,545.0955414012739
13.904702970297029,557.7070063694267
13.948019801980196,559.108280254777
13.948019801980196,547.8980891719744
13.948019801980196,546.4968152866242
13.948019801980196,560.5095541401273
13.991336633663366,560.5095541401273
13.991336633663366,561.9108280254777
13.991336633663366,549.2993630573249
13.991336633663366,547.8980891719744
14.034653465346533,550.7006369426751
14.034653465346533,561.9108280254777
14.034653465346533,549.2993630573249
14.034653465346533,563.312101910828
14.077970297029703,550.7006369426751
14.077970297029703,564.7133757961783
14.077970297029703,566.1146496815286
14.077970297029703,552.1019108280254
14.12128712871287,552.1019108280254
14.12128712871287,566.1146496815286
14.12128712871287,567.515923566879
14.12128712871287,553.5031847133757
14.164603960396038,568.9171974522293
14.164603960396038,554.904458598726
14.164603960396038,553.5031847133757
14.164603960396038,567.515923566879
14.207920792079207,568.9171974522293
14.207920792079207,570.3184713375796
14.207920792079207,556.3057324840764
14.207920792079207,557.7070063694267
14.251237623762375,571.7197452229299
14.251237623762375,570.3184713375796
14.251237623762375,559.108280254777
14.251237623762375,557.7070063694267
14.294554455445544,573.1210191082802
14.294554455445544,560.5095541401273
14.294554455445544,559.108280254777
14.294554455445544,571.7197452229299
14.337871287128712,574.5222929936306
14.337871287128712,573.1210191082802
14.337871287128712,560.5095541401273
14.337871287128712,561.9108280254777
14.38118811881188,574.5222929936306
14.38118811881188,575.9235668789809
14.38118811881188,561.9108280254777
14.38118811881188,563.312101910828
14.424504950495049,575.9235668789809
14.424504950495049,577.3248407643312
14.424504950495049,564.7133757961783
14.424504950495049,563.312101910828
14.467821782178216,577.3248407643312
14.467821782178216,578.7261146496814
14.467821782178216,564.7133757961783
14.467821782178216,566.1146496815286
14.511138613861386,580.1273885350319
14.511138613861386,566.1146496815286
14.511138613861386,567.515923566879
14.511138613861386,578.7261146496814
14.554455445544553,580.1273885350319
14.554455445544553,581.5286624203821
14.554455445544553,567.515923566879
14.554455445544553,568.9171974522293
14.597772277227723,568.9171974522293
14.597772277227723,582.9299363057324
14.597772277227723,581.5286624203821
14.597772277227723,570.3184713375796
14.64108910891089,584.3312101910827
14.64108910891089,582.9299363057324
14.64108910891089,571.7197452229299
14.64108910891089,570.3184713375796
14.684405940594058,573.1210191082802
14.684405940594058,585.7324840764331
14.684405940594058,571.7197452229299
14.684405940594058,584.3312101910827
14.727722772277227,574.5222929936306
14.727722772277227,585.7324840764331
14.727722772277227,587.1337579617834
14.727722772277227,573.1210191082802
14.771039603960395,588.5350318471337
14.771039603960395,574.5222929936306
14.771039603960395,575.9235668789809
14.771039603960395,587.1337579617834
14.814356435643564,588.5350318471337
14.814356435643564,577.3248407643312
14.814356435643564,589.936305732484
14.814356435643564,575.9235668789809
14.857673267326732,589.936305732484
14.857673267326732,591.3375796178343
14.857673267326732,578.7261146496814
14.857673267326732,577.3248407643312
14.9009900990099,580.1273885350319
14.9009900990099,578.7261146496814
14.9009900990099,594.140127388535
14.9009900990099,592.7388535031847
14.944306930693068,581.5286624203821
14.944306930693068,580.1273885350319
14.944306930693068,595.5414012738853
14.944306930693068,594.140127388535
14.987623762376236,581.5286624203821
14.987623762376236,595.5414012738853
14.987623762376236,596.9426751592356
14.987623762376236,582.9299363057324
15.030940594059405,596.9426751592356
15.030940594059405,598.343949044586
15.030940594059405,584.3312101910827
15.074257425742573,598.343949044586
15.074257425742573,585.7324840764331
15.074257425742573,599.7452229299363
15.117574257425742,587.1337579617834
15.117574257425742,601.1464968152866
15.117574257425742,588.5350318471337
15.117574257425742,599.7452229299363
15.16089108910891,602.5477707006369
15.16089108910891,589.936305732484
15.16089108910891,601.1464968152866
15.16089108910891,588.5350318471337
15.204207920792078,589.936305732484
15.204207920792078,602.5477707006369
15.204207920792078,603.9490445859872
15.204207920792078,591.3375796178343
15.247524752475247,603.9490445859872
15.247524752475247,591.3375796178343
15.247524752475247,592.7388535031847
15.247524752475247,605.3503184713376
15.290841584158414,606.7515923566879
15.290841584158414,592.7388535031847
15.290841584158414,594.140127388535
15.290841584158414,605.3503184713376
15.334158415841584,608.1528662420382
15.334158415841584,595.5414012738853
15.334158415841584,606.7515923566879
15.334158415841584,594.140127388535
15.377475247524751,609.5541401273885
15.377475247524751,596.9426751592356
15.377475247524751,608.1528662420382
15.377475247524751,595.5414012738853
15.420792079207919,610.9554140127389
15.420792079207919,609.5541401273885
15.420792079207919,598.343949044586
15.420792079207919,596.9426751592356
15.464108910891088,610.9554140127389
15.464108910891088,612.3566878980891
15.464108910891088,598.343949044586
15.464108910891088,599.7452229299363
15.507425742574256,601.1464968152866
15.507425742574256,612.3566878980891
15.507425742574256,599.7452229299363
15.507425742574256,613.7579617834394
15.550742574257425,615.1592356687897
15.550742574257425,601.1464968152866
15.550742574257425,613.7579617834394
15.550742574257425,602.5477707006369
15.594059405940593,616.5605095541401
15.594059405940593,603.9490445859872
15.594059405940593,615.1592356687897
15.594059405940593,602.5477707006369
15.63737623762376,605.3503184713376
15.63737623762376,617.9617834394904
15.63737623762376,603.9490445859872
15.63737623762376,616.5605095541401
15.68069306930693,619.3630573248407
15.68069306930693,617.9617834394904
15.68069306930693,606.7515923566879
15.68069306930693,605.3503184713376
15.724009900990097,620.764331210191
15.724009900990097,619.3630573248407
15.724009900990097,608.1528662420382
15.724009900990097,606.7515923566879
15.767326732673267,620.764331210191
15.767326732673267,622.1656050955413
15.767326732673267,609.5541401273885
15.767326732673267,608.1528662420382
15.810643564356434,622.1656050955413
15.810643564356434,609.5541401273885
15.810643564356434,610.9554140127389
15.810643564356434,623.5668789808917
15.853960396039604,610.9554140127389
15.853960396039604,623.5668789808917
15.853960396039604,624.968152866242
15.853960396039604,612.3566878980891
15.897277227722771,613.7579617834394
15.897277227722771,626.3694267515923
15.897277227722771,612.3566878980891
15.897277227722771,624.968152866242
15.940594059405939,626.3694267515923
15.940594059405939,627.7707006369426
15.940594059405939,613.7579617834394
15.940594059405939,615.1592356687897
15.983910891089108,616.5605095541401
15.983910891089108,615.1592356687897
15.983910891089108,627.7707006369426
15.983910891089108,629.171974522293
16.027227722772277,630.5732484076433
16.027227722772277,616.5605095541401
16.027227722772277,629.171974522293
16.027227722772277,617.9617834394904
16.070544554455445,617.9617834394904
16.070544554455445,631.9745222929936
16.070544554455445,619.3630573248407
16.070544554455445,630.5732484076433
16.113861386138613,631.9745222929936
16.113861386138613,619.3630573248407
16.113861386138613,633.3757961783439
16.113861386138613,620.764331210191
16.15717821782178,634.7770700636943
16.15717821782178,620.764331210191
16.15717821782178,622.1656050955413
16.15717821782178,633.3757961783439
16.200495049504948,634.7770700636943
16.200495049504948,636.1783439490446
16.200495049504948,622.1656050955413
16.200495049504948,623.5668789808917
16.24381188118812,636.1783439490446
16.24381188118812,624.968152866242
16.24381188118812,623.5668789808917
16.24381188118812,637.5796178343949
16.287128712871286,637.5796178343949
16.287128712871286,626.3694267515923
16.287128712871286,624.968152866242
16.287128712871286,638.9808917197452
16.330445544554454,638.9808917197452
16.330445544554454,640.3821656050955
16.330445544554454,626.3694267515923
16.330445544554454,627.7707006369426
16.37376237623762,641.7834394904459
16.37376237623762,627.7707006369426
16.37376237623762,640.3821656050955
16.37376237623762,629.171974522293
16.41707920792079,641.7834394904459
16.41707920792079,630.5732484076433
16.41707920792079,643.1847133757962
16.41707920792079,629.171974522293
16.46039603960396,643.1847133757962
16.46039603960396,631.9745222929936
16.46039603960396,644.5859872611464
16.46039603960396,630.5732484076433
16.503712871287128,644.5859872611464
16.503712871287128,645.9872611464967
16.503712871287128,633.3757961783439
16.503712871287128,631.9745222929936
16.547029702970296,647.3885350318471
16.547029702970296,633.3757961783439
16.547029702970296,634.7770700636943
16.547029702970296,645.9872611464967
16.590346534653463,647.3885350318471
16.590346534653463,636.1783439490446
16.590346534653463,648.7898089171974
16.590346534653463,634.7770700636943
16.633663366336634,650.1910828025477
16.633663366336634,648.7898089171974
16.633663366336634,637.5796178343949
16.633663366336634,636.1783439490446
16.676980198019802,638.9808917197452
16.676980198019802,650.1910828025477
16.676980198019802,637.5796178343949
16.676980198019802,651.592356687898
16.72029702970297,652.9936305732483
16.72029702970297,651.592356687898
16.72029702970297,640.3821656050955
16.72029702970297,638.9808917197452
16.763613861386137,654.3949044585987
16.763613861386137,641.7834394904459
16.763613861386137,640.3821656050955
16.763613861386137,652.9936305732483
16.806930693069305,655.796178343949
16.806930693069305,654.3949044585987
16.806930693069305,643.1847133757962
16.806930693069305,641.7834394904459
16.850247524752476,655.796178343949
16.850247524752476,644.5859872611464
16.850247524752476,643.1847133757962
16.893564356435643,657.1974522292993
16.893564356435643,645.9872611464967
16.893564356435643,644.5859872611464
16.93688118811881,657.1974522292993
16.93688118811881,647.3885350318471
16.93688118811881,645.9872611464967
16.93688118811881,658.5987261146496
16.98019801980198,658.5987261146496
16.98019801980198,660.0
16.98019801980198,647.3885350318471
16.98019801980198,648.7898089171974
17.023514851485146,661.4012738853503
17.023514851485146,650.1910828025477
17.023514851485146,648.7898089171974
17.023514851485146,660.0
17.066831683168317,662.8025477707006
17.066831683168317,651.592356687898
17.066831683168317,650.1910828025477
17.066831683168317,661.4012738853503
17.110148514851485,652.9936305732483
17.110148514851485,651.592356687898
17.110148514851485,662.8025477707006
17.110148514851485,664.2038216560509
17.153465346534652,665.6050955414013
17.153465346534652,664.2038216560509
17.153465346534652,652.9936305732483
17.153465346534652,654.3949044585987
17.19678217821782,655.796178343949
17.19678217821782,654.3949044585987
17.19678217821782,665.6050955414013
17.19678217821782,667.0063694267516
17.240099009900987,655.796178343949
17.240099009900987,668.4076433121019
17.240099009900987,667.0063694267516
17.28341584158416,657.1974522292993
17.28341584158416,668.4076433121019
17.28341584158416,669.8089171974522
17.326732673267326,657.1974522292993
17.326732673267326,671.2101910828025
17.326732673267326,669.8089171974522
17.326732673267326,658.5987261146496
17.370049504950494,658.5987261146496
17.370049504950494,672.6114649681529
17.370049504950494,671.2101910828025
17.370049504950494,660.0
17.41336633663366,672.6114649681529
17.41336633663366,660.0
17.41336633663366,674.0127388535032
17.41336633663366,661.4012738853503
17.45668316831683,675.4140127388534
17.45668316831683,662.8025477707006
17.45668316831683,661.4012738853503
17.45668316831683,674.0127388535032
17.5,675.4140127388534
17.5,676.8152866242037
17.5,664.2038216560509
17.5,662.8025477707006
17.543316831683168,678.2165605095541
17.543316831683168,676.8152866242037
17.543316831683168,665.6050955414013
17.543316831683168,664.2038216560509
17.586633663366335,679.6178343949044
17.586633663366335,667.0063694267516
17.586633663366335,678.2165605095541
17.586633663366335,665.6050955414013
17.629950495049503,681.0191082802547
17.629950495049503,679.6178343949044
17.629950495049503,667.0063694267516
17.629950495049503,668.4076433121019
17.67326732673267,669.8089171974522
17.67326732673267,682.420382165605
17.67326732673267,668.4076433121019
17.67326732673267,681.0191082802547
17.71658415841584,683.8216560509554
17.71658415841584,671.2101910828025
17.71658415841584,669.8089171974522
17.71658415841584,682.420382165605
17.75990099009901,685.2229299363057
17.75990099009901,672.6114649681529
17.75990099009901,683.8216560509554
17.75990099009901,671.2101910828025
17.803217821782177,685.2229299363057
17.803217821782177,674.0127388535032
17.803217821782177,672.6114649681529
17.803217821782177,686.624203821656
17.846534653465344,686.624203821656
17.846534653465344,675.4140127388534
17.846534653465344,688.0254777070063
17.846534653465344,674.0127388535032
17.889851485148515,688.0254777070063
17.889851485148515,675.4140127388534
17.889851485148515,689.4267515923566
17.889851485148515,676.8152866242037
17.933168316831683,689.4267515923566
17.933168316831683,676.8152866242037
17.933168316831683,690.828025477707
17.933168316831683,678.2165605095541
17.97648514851485,690.828025477707
17.97648514851485,679.6178343949044
17.97648514851485,678.2165605095541
17.97648514851485,692.2292993630573
18.019801980198018,692.2292993630573
18.019801980198018,681.0191082802547
18.019801980198018,679.6178343949044
18.019801980198018,693.6305732484076
18.063118811881186,681.0191082802547
18.063118811881186,695.0318471337579
18.063118811881186,682.420382165605
18.063118811881186,693.6305732484076
18.106435643564357,695.0318471337579
18.106435643564357,696.4331210191083
18.106435643564357,683.8216560509554
18.106435643564357,682.420382165605
18.149752475247524,685.2229299363057
18.149752475247524,696.4331210191083
18.149752475247524,683.8216560509554
18.193069306930692,686.624203821656
18.193069306930692,685.2229299363057
18.193069306930692,697.8343949044586
18.23638613861386,686.624203821656
18.23638613861386,697.8343949044586
18.23638613861386,688.0254777070063
18.23638613861386,699.2356687898089
18.279702970297027,700.6369426751592
18.279702970297027,688.0254777070063
18.279702970297027,699.2356687898089
18.279702970297027,689.4267515923566
18.323019801980198,700.6369426751592
18.323019801980198,702.0382165605095
18.323019801980198,689.4267515923566
18.323019801980198,690.828025477707
18.366336633663366,703.4394904458599
18.366336633663366,690.828025477707
18.366336633663366,702.0382165605095
18.366336633663366,692.2292993630573
18.409653465346533,693.6305732484076
18.409653465346533,703.4394904458599
18.409653465346533,692.2292993630573
18.409653465346533,704.8407643312102
18.4529702970297,704.8407643312102
18.4529702970297,706.2420382165604
18.4529702970297,693.6305732484076
18.49628712871287,707.6433121019107
18.49628712871287,695.0318471337579
18.49628712871287,706.2420382165604
18.53960396039604,709.0445859872611
18.53960396039604,707.6433121019107
18.53960396039604,696.4331210191083
18.53960396039604,695.0318471337579
18.582920792079207,710.4458598726114
18.582920792079207,697.8343949044586
18.582920792079207,709.0445859872611
18.582920792079207,696.4331210191083
18.626237623762375,711.8471337579617
18.626237623762375,699.2356687898089
18.626237623762375,710.4458598726114
18.626237623762375,697.8343949044586
18.669554455445542,700.6369426751592
18.669554455445542,711.8471337579617
18.669554455445542,713.248407643312
18.669554455445542,699.2356687898089
18.71287128712871,714.6496815286624
18.71287128712871,713.248407643312
18.71287128712871,702.0382165605095
18.71287128712871,700.6369426751592
18.75618811881188,716.0509554140127
18.75618811881188,702.0382165605095
18.75618811881188,703.4394904458599
18.75618811881188,714.6496815286624
18.79950495049505,704.8407643312102
18.79950495049505,703.4394904458599
18.79950495049505,717.452229299363
18.79950495049505,716.0509554140127
18.842821782178216,704.8407643312102
18.842821782178216,706.2420382165604
18.842821782178216,717.452229299363
18.842821782178216,718.8535031847133
18.886138613861384,706.2420382165604
18.886138613861384,718.8535031847133
18.886138613861384,707.6433121019107
18.886138613861384,720.2547770700636
18.92945544554455,720.2547770700636
18.92945544554455,721.656050955414
18.92945544554455,707.6433121019107
18.92945544554455,709.0445859872611
18.972772277227723,709.0445859872611
18.972772277227723,710.4458598726114
18.972772277227723,723.0573248407643
18.972772277227723,721.656050955414
19.01608910891089,710.4458598726114
19.01608910891089,711.8471337579617
19.01608910891089,724.4585987261146
19.01608910891089,723.0573248407643
19.059405940594058,713.248407643312
19.059405940594058,711.8471337579617
19.059405940594058,724.4585987261146
19.059405940594058,725.8598726114649
19.102722772277225,714.6496815286624
19.102722772277225,725.8598726114649
19.102722772277225,713.248407643312
19.102722772277225,727.2611464968153
19.146039603960396,727.2611464968153
19.146039603960396,728.6624203821656
19.146039603960396,714.6496815286624
19.146039603960396,716.0509554140127
19.189356435643564,730.0636942675159
19.189356435643564,717.452229299363
19.189356435643564,728.6624203821656
19.189356435643564,716.0509554140127
19.23267326732673,730.0636942675159
19.23267326732673,718.8535031847133
19.23267326732673,717.452229299363
19.2759900990099,720.2547770700636
19.2759900990099,731.4649681528662
19.2759900990099,718.8535031847133
19.319306930693067,732.8662420382166
19.319306930693067,720.2547770700636
19.319306930693067,721.656050955414
19.319306930693067,731.4649681528662
19.362623762376238,732.8662420382166
19.362623762376238,734.2675159235669
19.362623762376238,721.656050955414
19.362623762376238,723.0573248407643
19.405940594059405,735.6687898089172
19.405940594059405,723.0573248407643
19.405940594059405,734.2675159235669
19.405940594059405,724.4585987261146
19.449257425742573,737.0700636942674
19.449257425742573,724.4585987261146
19.449257425742573,735.6687898089172
19.449257425742573,725.8598726114649
19.49257425742574,738.4713375796177
19.49257425742574,737.0700636942674
19.49257425742574,725.8598726114649
19.49257425742574,727.2611464968153
19.535891089108908,738.4713375796177
19.535891089108908,727.2611464968153
19.535891089108908,739.8726114649681
19.57920792079208,739.8726114649681
19.57920792079208,741.2738853503184
19.57920792079208,728.6624203821656
19.622524752475247,741.2738853503184
19.622524752475247,742.6751592356687
19.622524752475247,728.6624203821656
19.622524752475247,730.0636942675159
19.665841584158414,730.0636942675159
19.665841584158414,742.6751592356687
19.665841584158414,731.4649681528662
19.665841584158414,744.076433121019
19.709158415841582,744.076433121019
19.709158415841582,745.4777070063694
19.709158415841582,731.4649681528662
19.709158415841582,732.8662420382166
19.75247524752475,745.4777070063694
19.75247524752475,746.8789808917197
19.75247524752475,732.8662420382166
19.75247524752475,734.2675159235669
19.79579207920792,748.28025477707
19.79579207920792,734.2675159235669
19.79579207920792,746.8789808917197
19.79579207920792,735.6687898089172
19.83910891089109,748.28025477707
19.83910891089109,749.6815286624203
19.83910891089109,737.0700636942674
19.83910891089109,735.6687898089172
19.882425742574256,749.6815286624203
19.882425742574256,738.4713375796177
19.882425742574256,751.0828025477706
19.882425742574256,737.0700636942674
19.925742574257423,751.0828025477706
19.925742574257423,752.484076433121
19.925742574257423,739.8726114649681
19.925742574257423,738.4713375796177
19.96905940594059,753.8853503184713
19.96905940594059,739.8726114649681
19.96905940594059,741.2738853503184
19.96905940594059,752.484076433121
20.012376237623762,755.2866242038216
20.012376237623762,742.6751592356687
20.012376237623762,753.8853503184713
20.012376237623762,741.2738853503184
20.05569306930693,755.2866242038216
20.05569306930693,744.076433121019
20.05569306930693,742.6751592356687
20.099009900990097,756.6878980891719
20.099009900990097,745.4777070063694
20.099009900990097,744.076433121019
20.142326732673265,758.0891719745223
20.142326732673265,746.8789808917197
20.142326732673265,745.4777070063694
20.142326732673265,756.6878980891719
20.185643564356432,748.28025477707
20.185643564356432,746.8789808917197
20.185643564356432,758.0891719745223
20.185643564356432,759.4904458598726
20.228960396039604,760.8917197452229
20.228960396039604,759.4904458598726
20.228960396039604,749.6815286624203
20.228960396039604,748.28025477707
20.27227722772277,762.2929936305732
20.27227722772277,749.6815286624203
20.27227722772277,760.8917197452229
20.31559405940594,751.0828025477706
20.31559405940594,763.6942675159236
20.31559405940594,762.2929936305732
20.358910891089106,752.484076433121
20.358910891089106,763.6942675159236
20.358910891089106,751.0828025477706
20.402227722772277,765.0955414012739
20.402227722772277,753.8853503184713
20.402227722772277,752.484076433121
20.445544554455445,753.8853503184713
20.445544554455445,765.0955414012739
20.445544554455445,755.2866242038216
20.445544554455445,766.4968152866242
20.488861386138613,766.4968152866242
20.488861386138613,755.2866242038216
20.488861386138613,767.8980891719744
20.488861386138613,756.6878980891719
20.53217821782178,769.2993630573247
20.53217821782178,758.0891719745223
20.53217821782178,756.6878980891719
20.53217821782178,767.8980891719744
20.575495049504948,758.0891719745223
20.575495049504948,769.2993630573247
20.61881188118812,759.4904458598726
20.61881188118812,770.7006369426751
20.662128712871286,770.7006369426751
20.662128712871286,760.8917197452229
20.662128712871286,759.4904458598726
20.705445544554454,770.7006369426751
20.705445544554454,760.8917197452229
20.705445544554454,762.2929936305732
20.74876237623762,769.2993630573247
20.74876237623762,763.6942675159236
20.74876237623762,762.2929936305732
20.79207920792079,766.4968152866242
20.79207920792079,765.0955414012739
20.79207920792079,767.8980891719744
21.268564356435643,787.5159235668789
21.31188118811881,788.9171974522293
21.31188118811881,786.1146496815286
21.31188118811881,784.7133757961783
21.31188118811881,790.3184713375796
21.35519801980198,784.7133757961783
21.35519801980198,790.3184713375796
21.35519801980198,791.7197452229299
21.35519801980198,783.312101910828
21.398514851485146,783.312101910828
21.398514851485146,793.1210191082802
21.398514851485146,791.7197452229299
21.441831683168314,794.5222929936306
21.441831683168314,783.312101910828
21.441831683168314,793.1210191082802
21.485148514851485,784.7133757961783
21.485148514851485,795.9235668789809
21.485148514851485,794.5222929936306
21.485148514851485,783.312101910828
21.528465346534652,795.9235668789809
21.528465346534652,797.3248407643312
21.528465346534652,784.7133757961783
21.57178217821782,798.7261146496814
21.57178217821782,786.1146496815286
21.57178217821782,797.3248407643312
21.615099009900987,800.1273885350317
21.615099009900987,787.5159235668789
21.615099009900987,798.7261146496814
21.615099009900987,786.1146496815286
21.65841584158416,788.9171974522293
21.65841584158416,800.1273885350317
21.65841584158416,787.5159235668789
21.701732673267326,790.3184713375796
21.701732673267326,801.5286624203821
21.701732673267326,788.9171974522293
21.745049504950494,791.7197452229299
21.745049504950494,801.5286624203821
21.745049504950494,802.9299363057324
21.745049504950494,790.3184713375796
21.78836633663366,791.7197452229299
21.78836633663366,802.9299363057324
21.78836633663366,793.1210191082802
21.78836633663366,804.3312101910827
21.83168316831683,794.5222929936306
21.83168316831683,793.1210191082802
21.83168316831683,805.732484076433
21.83168316831683,804.3312101910827
21.875,794.5222929936306
21.875,807.1337579617834
21.875,805.732484076433
21.918316831683168,795.9235668789809
21.918316831683168,807.1337579617834
21.961633663366335,795.9235668789809
21.961633663366335,808.5350318471337
21.961633663366335,797.3248407643312
22.004950495049503,808.5350318471337
22.004950495049503,797.3248407643312
22.004950495049503,798.7261146496814
22.04826732673267,807.1337579617834
22.04826732673267,800.1273885350317
22.04826732673267,798.7261146496814
22.09158415841584,805.732484076433
22.09158415841584,802.9299363057324
22.09158415841584,801.5286624203821
22.09158415841584,807.1337579617834
22.09158415841584,800.1273885350317
22.09158415841584,804.3312101910827
22.61138613861386,826.7515923566879
22.61138613861386,825.3503184713376
22.61138613861386,823.9490445859872
22.654702970297027,822.5477707006369
22.654702970297027,828.1528662420382
22.654702970297027,821.1464968152866
22.698019801980195,821.1464968152866
22.698019801980195,829.5541401273885
22.741336633663366,821.1464968152866
22.741336633663366,830.9554140127389
22.741336633663366,829.5541401273885
22.784653465346533,832.3566878980891
22.784653465346533,821.1464968152866
22.784653465346533,830.9554140127389
22.8279702970297,822.5477707006369
22.8279702970297,833.7579617834394
22.8279702970297,832.3566878980891
22.8279702970297,821.1464968152866
22.87128712871287,835.1592356687897
22.87128712871287,833.7579617834394
22.87128712871287,822.5477707006369
22.91460396039604,835.1592356687897
22.91460396039604,836.56050955414
22.91460396039604,823.9490445859872
22.957920792079207,825.3503184713376
22.957920792079207,823.9490445859872
22.957920792079207,836.56050955414
23.001237623762375,837.9617834394904
23.001237623762375,825.3503184713376
23.001237623762375,826.7515923566879
23.044554455445542,839.3630573248407
23.044554455445542,826.7515923566879
23.044554455445542,837.9617834394904
23.044554455445542,828.1528662420382
23.08787128712871,829.5541401273885
23.08787128712871,828.1528662420382
23.08787128712871,839.3630573248407
23.08787128712871,840.764331210191
23.13118811881188,842.1656050955413
23.13118811881188,829.5541401273885
23.13118811881188,840.764331210191
23.13118811881188,830.9554140127389
23.17450495049505,843.5668789808917
23.17450495049505,842.1656050955413
23.17450495049505,830.9554140127389
23.217821782178216,832.3566878980891
23.217821782178216,843.5668789808917
23.261138613861384,844.968152866242
23.261138613861384,833.7579617834394
23.261138613861384,832.3566878980891
23.30445544554455,835.1592356687897
23.30445544554455,844.968152866242
23.30445544554455,833.7579617834394
23.347772277227723,844.968152866242
23.347772277227723,835.1592356687897
23.347772277227723,836.56050955414
23.39108910891089,844.968152866242
23.39108910891089,836.56050955414
23.39108910891089,837.9617834394904
23.39108910891089,843.5668789808917
23.434405940594058,843.5668789808917
23.434405940594058,842.1656050955413
23.434405940594058,840.764331210191
23.434405940594058,839.3630573248407
23.434405940594058,837.9617834394904
23.954207920792076,863.1847133757962
23.954207920792076,861.7834394904459
23.954207920792076,860.3821656050955
23.997524752475247,865.9872611464967
23.997524752475247,864.5859872611464
23.997524752475247,858.9808917197452
24.040841584158414,867.388535031847
24.040841584158414,865.9872611464967
24.040841584158414,857.5796178343949
24.084158415841582,857.5796178343949
24.084158415841582,867.388535031847
24.12747524752475,868.7898089171974
24.12747524752475,857.5796178343949
24.17079207920792,858.9808917197452
24.17079207920792,868.7898089171974
24.17079207920792,870.1910828025477
24.21410891089109,870.1910828025477
24.21410891089109,871.592356687898
24.21410891089109,860.3821656050955
24.21410891089109,858.9808917197452
24.257425742574256,861.7834394904459
24.257425742574256,871.592356687898
24.257425742574256,872.9936305732483
24.257425742574256,860.3821656050955
24.300742574257423,872.9936305732483
24.300742574257423,874.3949044585987
24.300742574257423,861.7834394904459
24.34405940594059,863.1847133757962
24.34405940594059,874.3949044585987
24.387376237623762,875.796178343949
24.387376237623762,863.1847133757962
24.387376237623762,864.5859872611464
24.43069306930693,877.1974522292993
24.43069306930693,864.5859872611464
24.43069306930693,875.796178343949
24.43069306930693,865.9872611464967
24.474009900990097,877.1974522292993
24.474009900990097,878.5987261146496
24.474009900990097,865.9872611464967
24.474009900990097,867.388535031847
24.517326732673265,880.0
24.517326732673265,878.5987261146496
24.517326732673265,867.388535031847
24.560643564356432,868.7898089171974
24.560643564356432,880.0
24.603960396039604,870.1910828025477
24.603960396039604,868.7898089171974
24.603960396039604,881.4012738853503
24.64727722772277,881.4012738853503
24.64727722772277,870.1910828025477
24.64727722772277,871.592356687898
24.69059405940594,882.8025477707006
24.69059405940594,872.9936305732483
24.69059405940594,871.592356687898
24.733910891089106,874.3949044585987
24.733910891089106,872.9936305732483
24.733910891089106,881.4012738853503
24.777227722772274,877.1974522292993
24.777227722772274,875.796178343949
24.777227722772274,880.0
24.777227722772274,874.3949044585987
24.777227722772274,878.5987261146496
24.777227722772274,881.4012738853503
25.297029702970296,898.216560509554
25.340346534653463,901.0191082802547
25.340346534653463,899.6178343949044
25.340346534653463,896.8152866242037
25.340346534653463,895.4140127388534
25.38366336633663,895.4140127388534
25.38366336633663,901.0191082802547
25.38366336633663,894.0127388535032
25.426980198019802,902.420382165605
25.426980198019802,894.0127388535032
25.47029702970297,902.420382165605
25.47029702970297,894.0127388535032
25.47029702970297,903.8216560509553
25.513613861386137,905.2229299363057
25.513613861386137,894.0127388535032
25.513613861386137,903.8216560509553
25.556930693069305,905.2229299363057
25.556930693069305,894.0127388535032
25.556930693069305,906.624203821656
25.556930693069305,895.4140127388534
25.600247524752472,895.4140127388534
25.600247524752472,906.624203821656
25.643564356435643,896.8152866242037
25.643564356435643,908.0254777070063
25.68688118811881,909.4267515923566
25.68688118811881,908.0254777070063
25.68688118811881,898.216560509554
25.68688118811881,896.8152866242037
25.73019801980198,910.828025477707
25.73019801980198,899.6178343949044
25.73019801980198,909.4267515923566
25.73019801980198,898.216560509554
25.773514851485146,910.828025477707
25.773514851485146,899.6178343949044
25.816831683168314,912.2292993630573
25.816831683168314,901.0191082802547
25.860148514851485,913.6305732484076
25.860148514851485,912.2292993630573
25.860148514851485,902.420382165605
25.860148514851485,901.0191082802547
25.903465346534652,903.8216560509553
25.903465346534652,913.6305732484076
25.903465346534652,902.420382165605
25.903465346534652,915.0318471337579
25.94678217821782,905.2229299363057
25.94678217821782,916.4331210191082
25.94678217821782,903.8216560509553
25.94678217821782,915.0318471337579
25.990099009900987,905.2229299363057
25.990099009900987,916.4331210191082
26.033415841584155,917.8343949044586
26.033415841584155,906.624203821656
26.076732673267326,917.8343949044586
26.076732673267326,908.0254777070063
26.076732673267326,906.624203821656
26.120049504950494,916.4331210191082
26.120049504950494,908.0254777070063
26.120049504950494,909.4267515923566
26.16336633663366,916.4331210191082
26.16336633663366,915.0318471337579
26.16336633663366,913.6305732484076
26.16336633663366,912.2292993630573
26.16336633663366,910.828025477707
26.16336633663366,909.4267515923566
26.72648514851485,933.248407643312
26.72648514851485,931.8471337579617
26.72648514851485,930.4458598726114
26.769801980198018,936.0509554140127
26.769801980198018,934.6496815286623
26.769801980198018,929.0445859872611
26.769801980198018,930.4458598726114
26.813118811881186,936.0509554140127
26.813118811881186,937.452229299363
26.813118811881186,929.0445859872611
26.856435643564353,929.0445859872611
26.856435643564353,937.452229299363
26.899752475247524,938.8535031847133
26.899752475247524,929.0445859872611
26.943069306930692,938.8535031847133
26.943069306930692,940.2547770700636
26.943069306930692,929.0445859872611
26.98638613861386,930.4458598726114
26.98638613861386,941.656050955414
26.98638613861386,940.2547770700636
26.98638613861386,929.0445859872611
27.029702970297027,930.4458598726114
27.029702970297027,941.656050955414
27.073019801980195,943.0573248407643
27.073019801980195,931.8471337579617
27.116336633663366,944.4585987261146
27.116336633663366,943.0573248407643
27.116336633663366,931.8471337579617
27.116336633663366,933.248407643312
27.159653465346533,945.8598726114649
27.159653465346533,934.6496815286623
27.159653465346533,944.4585987261146
27.159653465346533,933.248407643312
27.2029702970297,945.8598726114649
27.2029702970297,934.6496815286623
27.24628712871287,947.2611464968152
27.24628712871287,936.0509554140127
27.289603960396036,947.2611464968152
27.289603960396036,937.452229299363
27.289603960396036,948.6624203821656
27.289603960396036,936.0509554140127
27.332920792079207,948.6624203821656
27.332920792079207,938.8535031847133
27.332920792079207,937.452229299363
27.376237623762375,950.0636942675159
27.376237623762375,938.8535031847133
27.419554455445542,950.0636942675159
27.419554455445542,940.2547770700636
27.46287128712871,951.4649681528662
27.46287128712871,941.656050955414
27.46287128712871,940.2547770700636
27.506188118811878,943.0573248407643
27.506188118811878,941.656050955414
27.506188118811878,951.4649681528662
27.54950495049505,950.0636942675159
27.54950495049505,944.4585987261146
27.54950495049505,943.0573248407643
27.592821782178216,948.6624203821656
27.592821782178216,944.4585987261146
27.592821782178216,947.2611464968152
27.592821782178216,945.8598726114649
27.592821782178216,950.0636942675159
28.155940594059405,964.076433121019
28.155940594059405,966.8789808917197
28.155940594059405,965.4777070063693
28.199257425742573,962.6751592356687
28.199257425742573,969.6815286624203
28.199257425742573,968.28025477707
28.24257425742574,971.0828025477706
28.24257425742574,962.6751592356687
28.24257425742574,969.6815286624203
28.285891089108908,971.0828025477706
28.285891089108908,962.6751592356687
28.329207920792076,972.484076433121
28.329207920792076,962.6751592356687
28.372524752475247,973.8853503184713
28.372524752475247,962.6751592356687
28.372524752475247,972.484076433121
28.415841584158414,964.076433121019
28.415841584158414,973.8853503184713
28.415841584158414,962.6751592356687
28.459158415841582,975.2866242038216
28.459158415841582,964.076433121019
28.50247524752475,975.2866242038216
28.50247524752475,965.4777070063693
28.50247524752475,976.6878980891719
28.545792079207917,976.6878980891719
28.545792079207917,978.0891719745223
28.545792079207917,965.4777070063693
28.545792079207917,966.8789808917197
28.58910891089109,978.0891719745223
28.58910891089109,966.8789808917197
28.632425742574256,968.28025477707
28.632425742574256,979.4904458598726
28.675742574257423,979.4904458598726
28.675742574257423,969.6815286624203
28.675742574257423,968.28025477707
28.675742574257423,980.8917197452229
28.71905940594059,980.8917197452229
28.71905940594059,971.0828025477706
28.71905940594059,969.6815286624203
28.76237623762376,982.2929936305732
28.76237623762376,971.0828025477706
28.80569306930693,983.6942675159235
28.80569306930693,972.484076433121
28.80569306930693,982.2929936305732
28.849009900990097,973.8853503184713
28.849009900990097,972.484076433121
28.849009900990097,983.6942675159235
28.892326732673265,985.0955414012739
28.892326732673265,973.8853503184713
28.935643564356432,975.2866242038216
28.935643564356432,983.6942675159235
28.978960396039604,976.6878980891719
28.978960396039604,975.2866242038216
28.978960396039604,983.6942675159235
29.02227722772277,976.6878980891719
29.02227722772277,982.2929936305732
29.02227722772277,980.8917197452229
29.02227722772277,979.4904458598726
29.02227722772277,978.0891719745223
29.585396039603957,999.108280254777
29.585396039603957,997.7070063694267
29.628712871287128,1000.5095541401273
29.628712871287128,1001.9108280254776
29.628712871287128,994.904458598726
29.628712871287128,996.3057324840763
29.672029702970296,1001.9108280254776
29.672029702970296,994.904458598726
29.715346534653463,994.904458598726
29.715346534653463,1003.312101910828
29.75866336633663,1004.7133757961783
29.75866336633663,994.904458598726
29.75866336633663,1003.312101910828
29.8019801980198,1004.7133757961783
29.8019801980198,994.904458598726
29.84529702970297,1006.1146496815286
29.84529702970297,994.904458598726
29.888613861386137,1007.5159235668789
29.888613861386137,1006.1146496815286
29.888613861386137,996.3057324840763
29.931930693069305,1007.5159235668789
29.931930693069305,997.7070063694267
29.931930693069305,996.3057324840763
29.975247524752472,997.7070063694267
29.975247524752472,1008.9171974522293
30.01856435643564,999.108280254777
30.01856435643564,1010.3184713375796
30.01856435643564,1008.9171974522293
30.06188118811881,1010.3184713375796
30.06188118811881,1000.5095541401273
30.06188118811881,999.108280254777
30.10519801980198,1000.5095541401273
30.10519801980198,1011.7197452229299
30.148514851485146,1011.7197452229299
30.148514851485146,1001.9108280254776
30.148514851485146,1013.1210191082802
30.191831683168314,1013.1210191082802
30.191831683168314,1001.9108280254776
30.191831683168314,1003.312101910828
30.235148514851485,1003.312101910828
30.235148514851485,1014.5222929936305
30.278465346534652,1004.7133757961783
30.278465346534652,1015.9235668789809
30.278465346534652,1014.5222929936305
30.32178217821782,1015.9235668789809
30.32178217821782,1006.1146496815286
30.32178217821782,1004.7133757961783
30.365099009900987,1017.3248407643312
30.365099009900987,1006.1146496815286
30.408415841584155,1007.5159235668789
30.408415841584155,1015.9235668789809
30.451732673267326,1015.9235668789809
30.451732673267326,1014.5222929936305
30.451732673267326,1008.9171974522293
30.451732673267326,1007.5159235668789
30.495049504950494,1013.1210191082802
30.495049504950494,1011.7197452229299
30.495049504950494,1010.3184713375796
30.495049504950494,1014.5222929936305
31.05816831683168,1029.936305732484
31.05816831683168,1028.5350318471337
31.10148514851485,1032.7388535031846
31.10148514851485,1031.3375796178343
31.10148514851485,1027.1337579617834
31.144801980198018,1032.7388535031846
31.144801980198018,1025.7324840764331
31.144801980198018,1034.140127388535
31.188118811881186,1034.140127388535
31.188118811881186,1025.7324840764331
31.231435643564353,1025.7324840764331
31.231435643564353,1035.5414012738852
31.27475247524752,1036.9426751592357
31.27475247524752,1025.7324840764331
31.27475247524752,1035.5414012738852
31.318069306930692,1036.9426751592357
31.318069306930692,1025.7324840764331
31.318069306930692,1027.1337579617834
31.36138613861386,1027.1337579617834
31.36138613861386,1038.343949044586
31.404702970297027,1038.343949044586
31.404702970297027,1028.5350318471337
31.448019801980195,1039.7452229299363
31.448019801980195,1028.5350318471337
31.448019801980195,1029.936305732484
31.491336633663366,1041.1464968152866
31.491336633663366,1029.936305732484
31.491336633663366,1039.7452229299363
31.534653465346533,1041.1464968152866
31.534653465346533,1031.3375796178343
31.5779702970297,1031.3375796178343
31.5779702970297,1042.5477707006369
31.62128712871287,1032.7388535031846
31.62128712871287,1043.9490445859872
31.62128712871287,1042.5477707006369
31.664603960396036,1034.140127388535
31.664603960396036,1043.9490445859872
31.664603960396036,1032.7388535031846
31.707920792079207,1034.140127388535
31.707920792079207,1045.3503184713375
31.751237623762375,1045.3503184713375
31.751237623762375,1035.5414012738852
31.794554455445542,1035.5414012738852
31.794554455445542,1046.7515923566878
31.794554455445542,1036.9426751592357
31.83787128712871,1046.7515923566878
31.83787128712871,1036.9426751592357
31.881188118811878,1038.343949044586
31.881188118811878,1046.7515923566878
31.92450495049505,1045.3503184713375
31.92450495049505,1046.7515923566878
31.92450495049505,1039.7452229299363
31.92450495049505,1038.343949044586
31.967821782178216,1043.9490445859872
31.967821782178216,1042.5477707006369
31.967821782178216,1041.1464968152866
31.967821782178216,1039.7452229299363
31.967821782178216,1045.3503184713375
32.57425742574257,1060.764331210191
32.57425742574257,1059.3630573248406
32.57425742574257,1057.9617834394903
32.61757425742574,1063.5668789808917
32.61757425742574,1062.1656050955414
32.61757425742574,1056.56050955414
32.66089108910891,1063.5668789808917
32.66089108910891,1055.1592356687897
32.70420792079208,1064.968152866242
32.70420792079208,1055.1592356687897
32.74752475247524,1055.1592356687897
32.74752475247524,1064.968152866242
32.74752475247524,1066.3694267515923
32.790841584158414,1056.56050955414
32.790841584158414,1066.3694267515923
32.83415841584158,1056.56050955414
32.83415841584158,1067.7707006369426
32.87747524752475,1067.7707006369426
32.87747524752475,1057.9617834394903
32.92079207920792,1057.9617834394903
32.92079207920792,1069.1719745222929
32.964108910891085,1059.3630573248406
32.964108910891085,1069.1719745222929
32.964108910891085,1070.5732484076432
33.007425742574256,1070.5732484076432
33.007425742574256,1059.3630573248406
33.007425742574256,1060.764331210191
33.05074257425742,1060.764331210191
33.05074257425742,1071.9745222929935
33.09405940594059,1062.1656050955414
33.09405940594059,1071.9745222929935
33.13737623762376,1073.375796178344
33.13737623762376,1062.1656050955414
33.180693069306926,1063.5668789808917
33.180693069306926,1073.375796178344
33.2240099009901,1064.968152866242
33.2240099009901,1063.5668789808917
33.2240099009901,1074.7770700636943
33.26732673267327,1064.968152866242
33.26732673267327,1074.7770700636943
33.26732673267327,1076.1783439490446
33.31064356435643,1076.1783439490446
33.31064356435643,1066.3694267515923
33.353960396039604,1077.5796178343949
33.353960396039604,1066.3694267515923
33.39727722772277,1067.7707006369426
33.39727722772277,1076.1783439490446
33.44059405940594,1069.1719745222929
33.44059405940594,1074.7770700636943
33.44059405940594,1067.7707006369426
33.44059405940594,1076.1783439490446
33.48391089108911,1070.5732484076432
33.48391089108911,1073.375796178344
33.48391089108911,1071.9745222929935
33.48391089108911,1069.1719745222929
33.48391089108911,1074.7770700636943
34.09034653465346,1088.7898089171974
34.09034653465346,1087.3885350318471
34.133663366336634,1091.592356687898
34.133663366336634,1090.1910828025477
34.133663366336634,1084.5859872611463
34.133663366336634,1085.9872611464968
34.1769801980198,1091.592356687898
34.1769801980198,1092.9936305732483
34.1769801980198,1084.5859872611463
34.22029702970297,1092.9936305732483
34.22029702970297,1084.5859872611463
34.26361386138613,1094.3949044585986
34.26361386138613,1084.5859872611463
34.306930693069305,1084.5859872611463
34.306930693069305,1094.3949044585986
34.350247524752476,1095.796178343949
34.350247524752476,1085.9872611464968
34.350247524752476,1084.5859872611463
34.39356435643564,1085.9872611464968
34.39356435643564,1095.796178343949
34.43688118811881,1087.3885350318471
34.43688118811881,1097.1974522292992
34.480198019801975,1097.1974522292992
34.480198019801975,1087.3885350318471
34.480198019801975,1098.5987261146497
34.523514851485146,1088.7898089171974
34.523514851485146,1098.5987261146497
34.56683168316832,1100.0
34.56683168316832,1088.7898089171974
34.61014851485148,1090.1910828025477
34.61014851485148,1100.0
34.65346534653465,1101.4012738853503
34.65346534653465,1090.1910828025477
34.696782178217816,1091.592356687898
34.696782178217816,1101.4012738853503
34.74009900990099,1092.9936305732483
34.74009900990099,1102.8025477707006
34.74009900990099,1091.592356687898
34.78341584158416,1102.8025477707006
34.78341584158416,1092.9936305732483
34.82673267326732,1104.2038216560509
34.82673267326732,1094.3949044585986
34.870049504950494,1094.3949044585986
34.870049504950494,1104.2038216560509
34.91336633663366,1104.2038216560509
34.91336633663366,1095.796178343949
34.95668316831683,1097.1974522292992
34.95668316831683,1095.796178343949
34.95668316831683,1104.2038216560509
35.0,1098.5987261146497
35.0,1101.4012738853503
35.0,1097.1974522292992
35.0,1102.8025477707006
35.0,1100.0
