X,Y
-90.0,0.0
-90.0,-0.19569471624266144
-89.83870967741936,-0.3913894324853229
-89.83870967741936,0.3913894324853229
-89.83870967741936,0.19569471624266144
-89.6774193548387,0.5870841487279843
-89.6774193548387,0.3913894324853229
-89.6774193548387,-0.3913894324853229
-89.51612903225806,0.5870841487279843
-89.51612903225806,-0.3913894324853229
-89.35483870967742,0.7827788649706457
-89.35483870967742,-0.3913894324853229
-89.19354838709677,-0.3913894324853229
-89.19354838709677,0.7827788649706457
-89.03225806451613,-0.3913894324853229
-89.03225806451613,0.9784735812133072
-89.03225806451613,-0.19569471624266144
-88.87096774193549,0.9784735812133072
-88.87096774193549,-0.19569471624266144
-88.87096774193549,1.1741682974559686
-88.70967741935483,0.0
-88.70967741935483,1.1741682974559686
-88.54838709677419,1.36986301369863
-88.54838709677419,0.0
-88.54838709677419,0.19569471624266144
-88.38709677419355,0.3913894324853229
-88.38709677419355,1.36986301369863
-88.38709677419355,0.19569471624266144
-88.38709677419355,1.5655577299412915
-88.2258064516129,1.761252446183953
-88.2258064516129,1.5655577299412915
-88.2258064516129,0.3913894324853229
-88.06451612903226,0.5870841487279843
-88.06451612903226,1.761252446183953
-87.90322580645162,1.9569471624266144
-87.90322580645162,0.7827788649706457
-87.90322580645162,0.5870841487279843
-87.74193548387098,1.9569471624266144
-87.74193548387098,0.7827788649706457
-87.74193548387098,2.152641878669276
-87.74193548387098,0.9784735812133072
-87.58064516129032,2.152641878669276
-87.58064516129032,0.9784735812133072
-87.41935483870968,1.1741682974559686
-87.41935483870968,2.3483365949119372
-87.25806451612904,1.1741682974559686
-87.25806451612904,1.36986301369863
-87.25806451612904,2.3483365949119372
-87.25806451612904,2.5440313111545985
-87.09677419354838,1.36986301369863
-87.09677419354838,2.5440313111545985
-86.93548387096774,1.5655577299412915
-86.93548387096774,2.73972602739726
-86.7741935483871,1.5655577299412915
-86.7741935483871,2.73972602739726
-86.7741935483871,1.761252446183953
-86.61290322580645,2.935420743639922
-86.61290322580645,1.761252446183953
-86.61290322580645,1.9569471624266144
-86.45161290322581,3.131115459882583
-86.45161290322581,2.935420743639922
-86.45161290322581,1.9569471624266144
-86.29032258064517,2.152641878669276
-86.29032258064517,3.131115459882583
-86.29032258064517,3.326810176125244
-86.12903225806451,3.326810176125244
-86.12903225806451,2.152641878669276
-85.96774193548387,2.3483365949119372
-85.96774193548387,3.522504892367906
-85.80645161290323,2.5440313111545985
-85.80645161290323,2.3483365949119372
-85.80645161290323,3.522504892367906
-85.64516129032258,2.5440313111545985
-85.64516129032258,3.7181996086105675
-85.48387096774194,3.7181996086105675
-85.48387096774194,3.9138943248532287
-85.48387096774194,2.73972602739726
-85.3225806451613,3.9138943248532287
-85.3225806451613,2.73972602739726
-85.3225806451613,2.935420743639922
-85.3225806451613,4.10958904109589
-85.16129032258064,4.10958904109589
-85.16129032258064,2.935420743639922
-85.0,4.305283757338552
-85.0,3.131115459882583
-84.83870967741936,3.131115459882583
-84.83870967741936,4.305283757338552
-84.6774193548387,4.500978473581213
-84.6774193548387,3.326810176125244
-84.51612903225806,4.500978473581213
-84.51612903225806,3.326810176125244
-84.51612903225806,3.522504892367906
-84.51612903225806,4.6966731898238745
-84.35483870967742,4.892367906066536
-84.35483870967742,4.6966731898238745
-84.35483870967742,3.522504892367906
-84.35483870967742,3.7181996086105675
-84.19354838709677,4.892367906066536
-84.19354838709677,5.088062622309197
-84.19354838709677,3.7181996086105675
-84.03225806451613,5.088062622309197
-84.03225806451613,3.9138943248532287
-83.87096774193549,5.283757338551859
-83.87096774193549,4.10958904109589
-83.87096774193549,3.9138943248532287
-83.70967741935483,4.10958904109589
-83.70967741935483,4.305283757338552
-83.70967741935483,5.47945205479452
-83.70967741935483,5.283757338551859
-83.54838709677419,4.500978473581213
-83.54838709677419,5.6751467710371815
-83.54838709677419,4.305283757338552
-83.54838709677419,5.47945205479452
-83.38709677419355,5.6751467710371815
-83.38709677419355,5.870841487279844
-83.38709677419355,4.500978473581213
-83.2258064516129,4.6966731898238745
-83.2258064516129,5.870841487279844
-83.06451612903226,4.892367906066536
-83.06451612903226,6.066536203522505
-83.06451612903226,4.6966731898238745
-82.90322580645162,6.262230919765166
-82.90322580645162,4.892367906066536
-82.90322580645162,5.088062622309197
-82.90322580645162,6.066536203522505
-82.74193548387098,6.457925636007827
-82.74193548387098,5.088062622309197
-82.74193548387098,6.262230919765166
-82.74193548387098,5.283757338551859
-82.58064516129032,6.457925636007827
-82.58064516129032,5.283757338551859
-82.58064516129032,6.653620352250488
-82.41935483870968,5.47945205479452
-82.41935483870968,6.8493150684931505
-82.41935483870968,6.653620352250488
-82.25806451612902,6.8493150684931505
-82.25806451612902,5.47945205479452
-82.25806451612902,5.6751467710371815
-82.09677419354838,5.6751467710371815
-82.09677419354838,7.045009784735812
-81.93548387096774,7.240704500978473
-81.93548387096774,5.870841487279844
-81.93548387096774,7.045009784735812
-81.7741935483871,6.262230919765166
-81.7741935483871,6.066536203522505
-81.7741935483871,7.240704500978473
-81.7741935483871,7.436399217221135
-81.61290322580645,7.632093933463796
-81.61290322580645,7.436399217221135
-81.61290322580645,6.262230919765166
-81.45161290322581,7.632093933463796
-81.45161290322581,6.457925636007827
-81.45161290322581,7.8277886497064575
-81.29032258064517,7.8277886497064575
-81.29032258064517,8.023483365949119
-81.29032258064517,6.457925636007827
-81.29032258064517,6.653620352250488
-81.12903225806451,6.8493150684931505
-81.12903225806451,8.21917808219178
-81.12903225806451,8.023483365949119
-80.96774193548387,8.610567514677104
-80.96774193548387,8.414872798434441
-80.96774193548387,7.045009784735812
-80.80645161290323,8.610567514677104
-80.80645161290323,7.045009784735812
-80.80645161290323,8.806262230919765
-80.80645161290323,7.240704500978473
-80.64516129032258,7.436399217221135
-80.64516129032258,7.240704500978473
-80.64516129032258,8.806262230919765
-80.64516129032258,9.001956947162427
-80.48387096774194,9.197651663405088
-80.48387096774194,7.8277886497064575
-80.48387096774194,9.001956947162427
-80.48387096774194,7.632093933463796
-80.3225806451613,9.393346379647749
-80.3225806451613,9.197651663405088
-80.3225806451613,7.8277886497064575
-80.3225806451613,8.023483365949119
-80.16129032258064,9.784735812133071
-80.16129032258064,9.58904109589041
-80.16129032258064,8.21917808219178
-80.16129032258064,8.023483365949119
-80.0,9.980430528375733
-80.0,8.414872798434441
-80.0,9.784735812133071
-80.0,8.21917808219178
-79.83870967741936,8.610567514677104
-79.83870967741936,9.980430528375733
-79.83870967741936,8.414872798434441
-79.83870967741936,10.176125244618394
-79.6774193548387,10.176125244618394
-79.6774193548387,10.371819960861057
-79.6774193548387,8.806262230919765
-79.6774193548387,8.610567514677104
-79.51612903225806,9.001956947162427
-79.51612903225806,10.76320939334638
-79.51612903225806,8.806262230919765
-79.51612903225806,10.567514677103718
-79.35483870967742,10.76320939334638
-79.35483870967742,10.95890410958904
-79.35483870967742,9.197651663405088
-79.35483870967742,9.393346379647749
-79.19354838709677,10.95890410958904
-79.19354838709677,11.154598825831702
-79.19354838709677,9.58904109589041
-79.19354838709677,9.393346379647749
-79.03225806451613,9.784735812133071
-79.03225806451613,11.350293542074363
-79.03225806451613,11.154598825831702
-79.03225806451613,9.58904109589041
-78.87096774193549,11.545988258317024
-78.87096774193549,9.980430528375733
-78.87096774193549,9.784735812133071
-78.87096774193549,11.741682974559687
-78.70967741935485,10.371819960861057
-78.70967741935485,12.13307240704501
-78.70967741935485,11.937377690802348
-78.70967741935485,10.176125244618394
-78.54838709677419,10.567514677103718
-78.54838709677419,12.32876712328767
-78.54838709677419,10.371819960861057
-78.54838709677419,12.13307240704501
-78.38709677419355,12.720156555772993
-78.38709677419355,12.524461839530332
-78.38709677419355,10.76320939334638
-78.38709677419355,10.95890410958904
-78.2258064516129,11.350293542074363
-78.2258064516129,12.720156555772993
-78.2258064516129,11.154598825831702
-78.2258064516129,12.915851272015654
-78.06451612903226,13.111545988258316
-78.06451612903226,11.545988258317024
-78.06451612903226,11.350293542074363
-78.06451612903226,13.307240704500977
-77.90322580645162,11.545988258317024
-77.90322580645162,13.50293542074364
-77.90322580645162,11.741682974559687
-77.90322580645162,13.307240704500977
-77.74193548387098,13.894324853228962
-77.74193548387098,13.698630136986301
-77.74193548387098,11.937377690802348
-77.74193548387098,12.13307240704501
-77.58064516129032,14.285714285714285
-77.58064516129032,14.090019569471623
-77.58064516129032,12.524461839530332
-77.58064516129032,12.32876712328767
-77.41935483870968,14.481409001956946
-77.41935483870968,14.677103718199607
-77.41935483870968,12.720156555772993
-77.41935483870968,12.524461839530332
-77.25806451612902,14.87279843444227
-77.25806451612902,14.677103718199607
-77.25806451612902,12.720156555772993
-77.25806451612902,12.915851272015654
-77.09677419354838,15.068493150684931
-77.09677419354838,15.264187866927593
-77.09677419354838,13.307240704500977
-77.09677419354838,13.111545988258316
-76.93548387096774,15.459882583170254
-76.93548387096774,13.50293542074364
-76.93548387096774,13.698630136986301
-76.93548387096774,15.264187866927593
-76.7741935483871,15.851272015655576
-76.7741935483871,14.090019569471623
-76.7741935483871,15.655577299412915
-76.7741935483871,13.894324853228962
-76.61290322580645,16.2426614481409
-76.61290322580645,16.046966731898237
-76.61290322580645,14.090019569471623
-76.61290322580645,14.285714285714285
-76.45161290322581,14.677103718199607
-76.45161290322581,14.481409001956946
-76.45161290322581,16.634050880626223
-76.45161290322581,16.43835616438356
-76.29032258064517,15.068493150684931
-76.29032258064517,14.87279843444227
-76.29032258064517,16.829745596868882
-76.29032258064517,16.634050880626223
-76.12903225806451,17.22113502935421
-76.12903225806451,17.025440313111545
-76.12903225806451,15.068493150684931
-76.12903225806451,15.264187866927593
-75.96774193548387,17.416829745596868
-75.96774193548387,15.459882583170254
-75.96774193548387,17.61252446183953
-75.96774193548387,15.655577299412915
-75.80645161290323,16.046966731898237
-75.80645161290323,15.851272015655576
-75.80645161290323,17.61252446183953
-75.80645161290323,17.80821917808219
-75.64516129032258,18.003913894324853
-75.64516129032258,18.199608610567513
-75.64516129032258,16.43835616438356
-75.64516129032258,16.2426614481409
-75.48387096774194,18.395303326810176
-75.48387096774194,16.634050880626223
-75.48387096774194,16.43835616438356
-75.48387096774194,18.590998043052835
-75.3225806451613,17.025440313111545
-75.3225806451613,18.98238747553816
-75.3225806451613,18.786692759295498
-75.3225806451613,16.829745596868882
-75.16129032258064,19.373776908023483
-75.16129032258064,19.17808219178082
-75.16129032258064,17.22113502935421
-75.16129032258064,17.416829745596868
-75.0,17.80821917808219
-75.0,19.765166340508806
-75.0,17.61252446183953
-75.0,19.373776908023483
-75.0,19.569471624266143
-74.83870967741936,20.15655577299413
-74.83870967741936,18.003913894324853
-74.83870967741936,19.960861056751465
-74.83870967741936,17.80821917808219
-74.6774193548387,18.199608610567513
-74.6774193548387,20.15655577299413
-74.6774193548387,18.395303326810176
-74.6774193548387,20.352250489236788
-74.51612903225806,20.743639921722114
-74.51612903225806,18.786692759295498
-74.51612903225806,18.590998043052835
-74.51612903225806,20.54794520547945
-74.35483870967742,21.135029354207436
-74.35483870967742,19.17808219178082
-74.35483870967742,20.939334637964773
-74.35483870967742,18.98238747553816
-74.35483870967742,20.743639921722114
-74.19354838709677,21.330724070450096
-74.19354838709677,21.52641878669276
-74.19354838709677,19.373776908023483
-74.19354838709677,19.569471624266143
-74.03225806451613,19.569471624266143
-74.03225806451613,19.765166340508806
-74.03225806451613,21.722113502935418
-74.03225806451613,21.91780821917808
-73.87096774193549,20.15655577299413
-73.87096774193549,19.960861056751465
-73.87096774193549,22.113502935420744
-73.87096774193549,21.91780821917808
-73.70967741935485,20.352250489236788
-73.70967741935485,20.54794520547945
-73.70967741935485,22.504892367906066
-73.70967741935485,22.309197651663403
-73.54838709677419,22.89628180039139
-73.54838709677419,22.700587084148726
-73.54838709677419,20.743639921722114
-73.54838709677419,20.939334637964773
-73.38709677419355,23.28767123287671
-73.38709677419355,23.09197651663405
-73.38709677419355,21.135029354207436
-73.38709677419355,21.330724070450096
-73.2258064516129,23.483365949119374
-73.2258064516129,23.679060665362034
-73.2258064516129,21.330724070450096
-73.2258064516129,21.52641878669276
-73.06451612903226,21.91780821917808
-73.06451612903226,23.874755381604697
-73.06451612903226,21.722113502935418
-73.06451612903226,23.679060665362034
-72.90322580645162,24.26614481409002
-72.90322580645162,22.309197651663403
-72.90322580645162,24.070450097847356
-72.90322580645162,22.113502935420744
-72.74193548387098,24.46183953033268
-72.74193548387098,22.700587084148726
-72.74193548387098,22.504892367906066
-72.74193548387098,24.65753424657534
-72.58064516129032,23.09197651663405
-72.58064516129032,22.89628180039139
-72.58064516129032,22.700587084148726
-72.58064516129032,25.048923679060664
-72.58064516129032,24.853228962818
-72.41935483870968,23.28767123287671
-72.41935483870968,25.244618395303327
-72.41935483870968,25.048923679060664
-72.41935483870968,23.483365949119374
-72.25806451612902,25.63600782778865
-72.25806451612902,25.440313111545986
-72.25806451612902,23.679060665362034
-72.25806451612902,23.874755381604697
-72.09677419354838,23.874755381604697
-72.09677419354838,24.070450097847356
-72.09677419354838,25.83170254403131
-72.09677419354838,26.027397260273972
-71.93548387096774,24.46183953033268
-71.93548387096774,24.26614481409002
-71.93548387096774,26.418786692759294
-71.93548387096774,26.22309197651663
-71.7741935483871,26.810176125244617
-71.7741935483871,24.65753424657534
-71.7741935483871,24.853228962818
-71.7741935483871,26.614481409001954
-71.61290322580645,27.00587084148728
-71.61290322580645,26.810176125244617
-71.61290322580645,25.048923679060664
-71.61290322580645,25.244618395303327
-71.45161290322581,27.397260273972602
-71.45161290322581,25.440313111545986
-71.45161290322581,25.244618395303327
-71.45161290322581,27.20156555772994
-71.29032258064515,27.788649706457925
-71.29032258064515,27.59295499021526
-71.29032258064515,25.83170254403131
-71.29032258064515,25.63600782778865
-71.12903225806451,26.22309197651663
-71.12903225806451,27.984344422700584
-71.12903225806451,28.180039138943247
-71.12903225806451,26.027397260273972
-70.96774193548387,28.37573385518591
-70.96774193548387,26.614481409001954
-70.96774193548387,28.180039138943247
-70.96774193548387,26.418786692759294
-70.80645161290323,28.57142857142857
-70.80645161290323,28.767123287671232
-70.80645161290323,27.00587084148728
-70.80645161290323,26.810176125244617
-70.64516129032258,27.20156555772994
-70.64516129032258,27.00587084148728
-70.64516129032258,29.158512720156555
-70.64516129032258,28.962818003913892
-70.48387096774194,27.397260273972602
-70.48387096774194,29.549902152641877
-70.48387096774194,29.354207436399214
-70.48387096774194,27.59295499021526
-70.3225806451613,29.9412915851272
-70.3225806451613,29.74559686888454
-70.3225806451613,27.984344422700584
-70.3225806451613,27.788649706457925
-70.16129032258064,30.136986301369863
-70.16129032258064,28.37573385518591
-70.16129032258064,28.180039138943247
-70.16129032258064,29.9412915851272
-70.0,28.57142857142857
-70.0,30.528375733855185
-70.0,28.37573385518591
-70.0,30.332681017612522
-69.83870967741936,30.919765166340508
-69.83870967741936,30.724070450097845
-69.83870967741936,28.962818003913892
-69.83870967741936,28.767123287671232
-69.67741935483872,29.354207436399214
-69.67741935483872,30.919765166340508
-69.67741935483872,29.158512720156555
-69.67741935483872,31.115459882583167
-69.51612903225806,31.506849315068493
-69.51612903225806,31.31115459882583
-69.51612903225806,29.74559686888454
-69.51612903225806,29.549902152641877
-69.35483870967742,31.702544031311152
-69.35483870967742,29.74559686888454
-69.35483870967742,31.898238747553815
-69.35483870967742,29.9412915851272
-69.19354838709677,30.136986301369863
-69.19354838709677,29.9412915851272
-69.19354838709677,32.093933463796475
-69.19354838709677,32.28962818003914
-69.03225806451613,32.4853228962818
-69.03225806451613,32.28962818003914
-69.03225806451613,30.332681017612522
-69.03225806451613,30.528375733855185
-68.87096774193549,30.919765166340508
-68.87096774193549,30.724070450097845
-68.87096774193549,32.68101761252446
-68.87096774193549,32.87671232876712
-68.70967741935485,31.31115459882583
-68.70967741935485,31.115459882583167
-68.70967741935485,33.268101761252446
-68.70967741935485,33.07240704500978
-68.54838709677419,31.702544031311152
-68.54838709677419,31.506849315068493
-68.54838709677419,33.659491193737765
-68.54838709677419,33.46379647749511
-68.38709677419355,33.85518590998043
-68.38709677419355,31.702544031311152
-68.38709677419355,33.659491193737765
-68.38709677419355,31.898238747553815
-68.2258064516129,34.24657534246575
-68.2258064516129,32.28962818003914
-68.2258064516129,32.093933463796475
-68.2258064516129,34.05088062622309
-68.06451612903226,32.68101761252446
-68.06451612903226,32.4853228962818
-68.06451612903226,34.44227005870842
-68.06451612903226,34.24657534246575
-67.90322580645162,32.87671232876712
-67.90322580645162,34.833659491193735
-67.90322580645162,34.63796477495107
-67.90322580645162,33.07240704500978
-67.74193548387098,35.22504892367906
-67.74193548387098,35.0293542074364
-67.74193548387098,33.07240704500978
-67.74193548387098,33.268101761252446
-67.58064516129032,35.42074363992172
-67.58064516129032,33.659491193737765
-67.58064516129032,33.46379647749511
-67.58064516129032,35.22504892367906
-67.41935483870968,34.05088062622309
-67.41935483870968,33.85518590998043
-67.41935483870968,35.81213307240704
-67.41935483870968,35.61643835616438
-67.25806451612902,34.05088062622309
-67.25806451612902,36.20352250489237
-67.25806451612902,36.007827788649706
-67.25806451612902,34.24657534246575
-67.09677419354838,36.59491193737769
-67.09677419354838,36.399217221135025
-67.09677419354838,34.44227005870842
-67.09677419354838,34.63796477495107
-66.93548387096774,35.0293542074364
-66.93548387096774,36.59491193737769
-66.93548387096774,34.833659491193735
-66.93548387096774,36.79060665362035
-66.7741935483871,35.42074363992172
-66.7741935483871,35.22504892367906
-66.7741935483871,37.18199608610567
-66.7741935483871,36.986301369863014
-66.61290322580645,37.573385518590996
-66.61290322580645,35.42074363992172
-66.61290322580645,37.37769080234833
-66.61290322580645,35.61643835616438
-66.45161290322581,35.81213307240704
-66.45161290322581,37.96477495107632
-66.45161290322581,37.76908023483366
-66.45161290322581,36.007827788649706
-66.29032258064517,38.16046966731898
-66.29032258064517,36.399217221135025
-66.29032258064517,36.20352250489237
-66.29032258064517,37.96477495107632
-66.12903225806451,38.35616438356164
-66.12903225806451,36.59491193737769
-66.12903225806451,38.551859099804304
-66.12903225806451,36.79060665362035
-65.96774193548387,38.94324853228962
-65.96774193548387,38.74755381604697
-65.96774193548387,36.986301369863014
-65.96774193548387,36.79060665362035
-65.80645161290323,37.37769080234833
-65.80645161290323,39.33463796477495
-65.80645161290323,37.18199608610567
-65.80645161290323,39.138943248532286
-65.64516129032258,37.573385518590996
-65.64516129032258,39.53033268101761
-65.64516129032258,39.33463796477495
-65.64516129032258,37.37769080234833
-65.48387096774194,39.726027397260275
-65.48387096774194,37.96477495107632
-65.48387096774194,37.76908023483366
-65.48387096774194,39.92172211350293
-65.3225806451613,38.35616438356164
-65.3225806451613,38.16046966731898
-65.3225806451613,40.31311154598826
-65.3225806451613,40.11741682974559
-65.16129032258064,38.74755381604697
-65.16129032258064,38.551859099804304
-65.16129032258064,40.50880626223092
-65.16129032258064,40.31311154598826
-65.0,40.90019569471624
-65.0,40.704500978473575
-65.0,38.94324853228962
-65.0,38.74755381604697
-64.83870967741936,41.0958904109589
-64.83870967741936,39.33463796477495
-64.83870967741936,40.90019569471624
-64.83870967741936,39.138943248532286
-64.67741935483872,39.726027397260275
-64.67741935483872,41.48727984344423
-64.67741935483872,41.291585127201564
-64.67741935483872,39.53033268101761
-64.51612903225806,39.92172211350293
-64.51612903225806,41.68297455968688
-64.51612903225806,41.878669275929546
-64.51612903225806,39.726027397260275
-64.35483870967742,42.27005870841487
-64.35483870967742,40.31311154598826
-64.35483870967742,42.07436399217221
-64.35483870967742,40.11741682974559
-64.19354838709677,40.704500978473575
-64.19354838709677,42.465753424657535
-64.19354838709677,40.50880626223092
-64.19354838709677,42.27005870841487
-64.03225806451613,42.857142857142854
-64.03225806451613,42.465753424657535
-64.03225806451613,42.66144814090019
-64.03225806451613,40.90019569471624
-64.03225806451613,41.0958904109589
-63.87096774193549,41.0958904109589
-63.87096774193549,41.291585127201564
-63.87096774193549,43.24853228962818
-63.87096774193549,43.05283757338552
-63.70967741935484,41.48727984344423
-63.70967741935484,41.291585127201564
-63.70967741935484,43.444227005870836
-63.70967741935484,43.24853228962818
-63.54838709677419,41.878669275929546
-63.54838709677419,43.83561643835616
-63.54838709677419,43.6399217221135
-63.54838709677419,41.68297455968688
-63.38709677419355,42.07436399217221
-63.38709677419355,44.031311154598825
-63.38709677419355,43.83561643835616
-63.38709677419355,42.27005870841487
-63.225806451612904,44.22700587084149
-63.225806451612904,42.66144814090019
-63.225806451612904,42.465753424657535
-63.225806451612904,44.422700587084144
-63.064516129032256,42.66144814090019
-63.064516129032256,44.81409001956947
-63.064516129032256,44.61839530332681
-63.064516129032256,42.857142857142854
-62.903225806451616,44.81409001956947
-62.903225806451616,43.24853228962818
-62.903225806451616,43.05283757338552
-62.903225806451616,45.00978473581213
-62.74193548387097,45.20547945205479
-62.74193548387097,45.40117416829745
-62.74193548387097,43.6399217221135
-62.74193548387097,43.444227005870836
-62.58064516129032,43.83561643835616
-62.58064516129032,43.6399217221135
-62.58064516129032,45.79256360078278
-62.58064516129032,45.596868884540115
-62.41935483870968,45.98825831702544
-62.41935483870968,45.79256360078278
-62.41935483870968,44.031311154598825
-62.41935483870968,44.22700587084149
-62.25806451612903,46.37964774951076
-62.25806451612903,46.1839530332681
-62.25806451612903,44.22700587084149
-62.25806451612903,44.422700587084144
-62.096774193548384,44.81409001956947
-62.096774193548384,46.57534246575342
-62.096774193548384,44.61839530332681
-62.096774193548384,46.37964774951076
-61.935483870967744,46.96673189823875
-61.935483870967744,46.771037181996086
-61.935483870967744,45.00978473581213
-61.935483870967744,45.20547945205479
-61.774193548387096,47.162426614481404
-61.774193548387096,45.20547945205479
-61.774193548387096,47.35812133072407
-61.774193548387096,45.40117416829745
-61.61290322580645,45.596868884540115
-61.61290322580645,47.74951076320939
-61.61290322580645,47.55381604696673
-61.61290322580645,45.79256360078278
-61.45161290322581,47.74951076320939
-61.45161290322581,46.1839530332681
-61.45161290322581,45.98825831702544
-61.45161290322581,47.94520547945205
-61.29032258064517,48.336594911937375
-61.29032258064517,46.37964774951076
-61.29032258064517,46.1839530332681
-61.29032258064517,48.14090019569471
-61.12903225806451,48.53228962818004
-61.12903225806451,48.336594911937375
-61.12903225806451,46.771037181996086
-61.12903225806451,46.57534246575342
-60.96774193548387,48.92367906066536
-60.96774193548387,48.7279843444227
-60.96774193548387,46.771037181996086
-60.96774193548387,46.96673189823875
-60.80645161290323,49.31506849315068
-60.80645161290323,49.11937377690802
-60.80645161290323,47.35812133072407
-60.80645161290323,47.162426614481404
-60.64516129032258,47.74951076320939
-60.64516129032258,49.510763209393346
-60.64516129032258,49.31506849315068
-60.64516129032258,47.55381604696673
-60.483870967741936,48.14090019569471
-60.483870967741936,49.902152641878665
-60.483870967741936,47.94520547945205
-60.483870967741936,49.706457925636
-60.322580645161295,48.53228962818004
-60.322580645161295,48.336594911937375
-60.322580645161295,49.902152641878665
-60.322580645161295,49.11937377690802
-60.322580645161295,48.92367906066536
-60.322580645161295,48.14090019569471
-60.322580645161295,48.7279843444227
-60.322580645161295,49.31506849315068
-59.67741935483871,50.489236790606654
-59.67741935483871,50.68493150684931
-59.67741935483871,50.88062622309197
-59.67741935483871,51.076320939334636
-59.67741935483871,51.2720156555773
-59.516129032258064,51.66340508806262
-59.516129032258064,51.467710371819955
-59.35483870967742,50.489236790606654
-59.35483870967742,51.85909980430528
-59.35483870967742,51.66340508806262
-59.193548387096776,50.68493150684931
-59.193548387096776,52.054794520547944
-59.193548387096776,52.25048923679061
-59.03225806451613,52.641878669275926
-59.03225806451613,50.68493150684931
-59.03225806451613,52.44618395303326
-58.87096774193549,51.076320939334636
-58.87096774193549,52.83757338551859
-58.87096774193549,50.88062622309197
-58.87096774193549,52.641878669275926
-58.70967741935484,53.03326810176125
-58.70967741935484,52.83757338551859
-58.70967741935484,51.2720156555773
-58.70967741935484,51.076320939334636
-58.54838709677419,51.66340508806262
-58.54838709677419,51.467710371819955
-58.54838709677419,53.22896281800391
-58.54838709677419,53.42465753424657
-58.38709677419355,53.42465753424657
-58.38709677419355,52.054794520547944
-58.38709677419355,51.85909980430528
-58.38709677419355,53.62035225048923
-58.225806451612904,52.25048923679061
-58.225806451612904,52.054794520547944
-58.225806451612904,54.01174168297456
-58.225806451612904,53.816046966731896
-58.064516129032256,54.207436399217215
-58.064516129032256,54.01174168297456
-58.064516129032256,52.44618395303326
-58.064516129032256,52.641878669275926
-57.903225806451616,52.83757338551859
-57.903225806451616,52.641878669275926
-57.903225806451616,54.40313111545988
-57.903225806451616,54.59882583170254
-57.74193548387097,54.99021526418787
-57.74193548387097,53.22896281800391
-57.74193548387097,53.03326810176125
-57.74193548387097,54.794520547945204
-57.58064516129032,55.18590998043052
-57.58064516129032,53.42465753424657
-57.58064516129032,53.22896281800391
-57.58064516129032,54.99021526418787
-57.41935483870968,55.57729941291585
-57.41935483870968,53.816046966731896
-57.41935483870968,53.62035225048923
-57.41935483870968,55.381604696673186
-57.25806451612903,54.01174168297456
-57.25806451612903,53.816046966731896
-57.25806451612903,55.57729941291585
-57.25806451612903,55.77299412915851
-57.09677419354839,55.77299412915851
-57.09677419354839,54.40313111545988
-57.09677419354839,54.207436399217215
-57.09677419354839,55.96868884540117
-56.935483870967744,54.40313111545988
-56.935483870967744,54.59882583170254
-56.935483870967744,56.16438356164383
-56.935483870967744,56.360078277886494
-56.774193548387096,54.99021526418787
-56.774193548387096,54.794520547945204
-56.774193548387096,56.75146771037182
-56.774193548387096,56.55577299412916
-56.612903225806456,55.381604696673186
-56.612903225806456,55.18590998043052
-56.612903225806456,56.947162426614476
-56.612903225806456,56.75146771037182
-56.45161290322581,57.3385518590998
-56.45161290322581,57.14285714285714
-56.45161290322581,55.381604696673186
-56.45161290322581,55.57729941291585
-56.29032258064516,55.77299412915851
-56.29032258064516,57.3385518590998
-56.29032258064516,55.57729941291585
-56.29032258064516,57.534246575342465
-56.12903225806452,57.925636007827784
-56.12903225806452,56.16438356164383
-56.12903225806452,55.96868884540117
-56.12903225806452,57.72994129158512
-55.96774193548387,56.360078277886494
-55.96774193548387,56.16438356164383
-55.96774193548387,58.12133072407045
-55.96774193548387,57.925636007827784
-55.806451612903224,58.51272015655577
-55.806451612903224,58.31702544031311
-55.806451612903224,56.55577299412916
-55.806451612903224,56.75146771037182
-55.645161290322584,58.70841487279843
-55.645161290322584,56.75146771037182
-55.645161290322584,58.51272015655577
-55.645161290322584,56.947162426614476
-55.483870967741936,59.099804305283755
-55.483870967741936,57.3385518590998
-55.483870967741936,58.90410958904109
-55.483870967741936,57.14285714285714
-55.32258064516129,59.099804305283755
-55.32258064516129,57.534246575342465
-55.32258064516129,57.3385518590998
-55.32258064516129,59.29549902152642
-55.16129032258065,57.72994129158512
-55.16129032258065,57.925636007827784
-55.16129032258065,59.29549902152642
-55.16129032258065,59.49119373776908
-55.0,58.12133072407045
-55.0,57.925636007827784
-55.0,59.8825831702544
-55.0,59.686888454011736
-54.83870967741935,58.31702544031311
-54.83870967741935,60.273972602739725
-54.83870967741935,60.07827788649706
-54.83870967741935,58.51272015655577
-54.67741935483871,60.273972602739725
-54.67741935483871,60.46966731898238
-54.67741935483871,58.51272015655577
-54.67741935483871,58.70841487279843
-54.516129032258064,59.099804305283755
-54.516129032258064,58.90410958904109
-54.516129032258064,60.46966731898238
-54.516129032258064,60.665362035225044
-54.35483870967742,59.29549902152642
-54.35483870967742,59.099804305283755
-54.35483870967742,60.86105675146771
-54.35483870967742,60.665362035225044
-54.193548387096776,61.25244618395303
-54.193548387096776,59.49119373776908
-54.193548387096776,59.29549902152642
-54.193548387096776,61.05675146771037
-54.03225806451613,61.44814090019569
-54.03225806451613,61.25244618395303
-54.03225806451613,59.686888454011736
-54.03225806451613,59.8825831702544
-53.87096774193549,60.07827788649706
-53.87096774193549,59.8825831702544
-53.87096774193549,61.839530332681015
-53.87096774193549,61.64383561643835
-53.70967741935484,61.839530332681015
-53.70967741935484,60.46966731898238
-53.70967741935484,60.273972602739725
-53.70967741935484,62.03522504892368
-53.54838709677419,60.46966731898238
-53.54838709677419,62.426614481409
-53.54838709677419,62.230919765166334
-53.54838709677419,60.665362035225044
-53.38709677419355,62.62230919765166
-53.38709677419355,62.426614481409
-53.38709677419355,60.665362035225044
-53.38709677419355,60.86105675146771
-53.225806451612904,61.25244618395303
-53.225806451612904,62.62230919765166
-53.225806451612904,61.05675146771037
-53.225806451612904,62.81800391389432
-53.064516129032256,63.20939334637964
-53.064516129032256,63.013698630136986
-53.064516129032256,61.44814090019569
-53.064516129032256,61.64383561643835
-52.903225806451616,61.839530332681015
-52.903225806451616,63.405088062622305
-52.903225806451616,61.64383561643835
-52.903225806451616,63.20939334637964
-52.74193548387097,63.60078277886497
-52.74193548387097,63.405088062622305
-52.74193548387097,62.03522504892368
-52.74193548387097,61.839530332681015
-52.58064516129032,63.99217221135029
-52.58064516129032,62.03522504892368
-52.58064516129032,63.79647749510763
-52.58064516129032,62.230919765166334
-52.41935483870968,62.426614481409
-52.41935483870968,64.18786692759295
-52.41935483870968,63.99217221135029
-52.41935483870968,62.62230919765166
-52.25806451612903,64.38356164383562
-52.25806451612903,62.62230919765166
-52.25806451612903,64.18786692759295
-52.25806451612903,62.81800391389432
-52.09677419354839,64.77495107632093
-52.09677419354839,64.57925636007828
-52.09677419354839,63.013698630136986
-52.09677419354839,62.81800391389432
-51.935483870967744,63.405088062622305
-51.935483870967744,63.20939334637964
-51.935483870967744,64.77495107632093
-51.935483870967744,64.9706457925636
-51.774193548387096,63.60078277886497
-51.774193548387096,63.405088062622305
-51.774193548387096,65.16634050880626
-51.774193548387096,64.9706457925636
-51.612903225806456,63.79647749510763
-51.612903225806456,65.55772994129158
-51.612903225806456,65.36203522504891
-51.612903225806456,63.60078277886497
-51.45161290322581,65.55772994129158
-51.45161290322581,65.75342465753424
-51.45161290322581,64.18786692759295
-51.45161290322581,63.99217221135029
-51.29032258064516,65.94911937377691
-51.29032258064516,65.75342465753424
-51.29032258064516,64.18786692759295
-51.29032258064516,64.38356164383562
-51.12903225806452,66.14481409001957
-51.12903225806452,64.57925636007828
-51.12903225806452,64.77495107632093
-51.12903225806452,66.34050880626222
-50.96774193548387,64.9706457925636
-50.96774193548387,66.53620352250489
-50.96774193548387,64.77495107632093
-50.96774193548387,66.34050880626222
-50.806451612903224,65.16634050880626
-50.806451612903224,64.9706457925636
-50.806451612903224,66.73189823874755
-50.806451612903224,66.53620352250489
-50.645161290322584,65.36203522504891
-50.645161290322584,65.16634050880626
-50.645161290322584,67.12328767123287
-50.645161290322584,66.92759295499022
-50.483870967741936,67.31898238747553
-50.483870967741936,67.12328767123287
-50.483870967741936,65.55772994129158
-50.483870967741936,65.75342465753424
-50.32258064516129,67.5146771037182
-50.32258064516129,65.94911937377691
-50.32258064516129,65.75342465753424
-50.32258064516129,67.31898238747553
-50.16129032258065,66.14481409001957
-50.16129032258065,67.71037181996086
-50.16129032258065,67.5146771037182
-50.16129032258065,65.94911937377691
-50.0,68.10176125244618
-50.0,66.34050880626222
-50.0,67.90606653620353
-50.0,66.14481409001957
-49.83870967741936,68.29745596868884
-49.83870967741936,66.73189823874755
-49.83870967741936,68.10176125244618
-49.83870967741936,66.53620352250489
-49.67741935483871,68.4931506849315
-49.67741935483871,66.92759295499022
-49.67741935483871,68.29745596868884
-49.67741935483871,66.73189823874755
-49.516129032258064,68.68884540117416
-49.516129032258064,68.4931506849315
-49.516129032258064,67.12328767123287
-49.516129032258064,66.92759295499022
-49.35483870967742,69.08023483365949
-49.35483870967742,67.31898238747553
-49.35483870967742,68.88454011741683
-49.35483870967742,67.5146771037182
-49.193548387096776,69.27592954990214
-49.193548387096776,69.08023483365949
-49.193548387096776,67.5146771037182
-49.193548387096776,67.71037181996086
-49.03225806451613,67.71037181996086
-49.03225806451613,67.90606653620353
-49.03225806451613,69.27592954990214
-49.03225806451613,69.47162426614481
-48.87096774193549,68.10176125244618
-48.87096774193549,67.90606653620353
-48.87096774193549,69.66731898238747
-48.87096774193549,69.47162426614481
-48.70967741935484,68.29745596868884
-48.70967741935484,70.0587084148728
-48.70967741935484,68.4931506849315
-48.70967741935484,69.86301369863013
-48.54838709677419,70.25440313111545
-48.54838709677419,70.0587084148728
-48.54838709677419,68.4931506849315
-48.54838709677419,68.68884540117416
-48.38709677419355,68.68884540117416
-48.38709677419355,70.45009784735812
-48.38709677419355,68.88454011741683
-48.38709677419355,70.25440313111545
-48.225806451612904,68.88454011741683
-48.225806451612904,70.64579256360078
-48.225806451612904,70.45009784735812
-48.225806451612904,69.08023483365949
-48.064516129032256,70.64579256360078
-48.064516129032256,69.27592954990214
-48.064516129032256,69.47162426614481
-48.064516129032256,70.84148727984343
-47.903225806451616,70.84148727984343
-47.903225806451616,69.47162426614481
-47.903225806451616,71.0371819960861
-47.903225806451616,69.66731898238747
-47.74193548387097,71.23287671232876
-47.74193548387097,69.86301369863013
-47.74193548387097,69.66731898238747
-47.74193548387097,71.0371819960861
-47.58064516129032,71.62426614481409
-47.58064516129032,70.0587084148728
-47.58064516129032,69.86301369863013
-47.58064516129032,71.42857142857143
-47.41935483870968,70.25440313111545
-47.41935483870968,71.81996086105674
-47.41935483870968,70.0587084148728
-47.41935483870968,71.62426614481409
-47.25806451612903,70.45009784735812
-47.25806451612903,72.01565557729941
-47.25806451612903,70.25440313111545
-47.25806451612903,71.81996086105674
-47.09677419354839,72.21135029354207
-47.09677419354839,72.01565557729941
-47.09677419354839,70.64579256360078
-47.09677419354839,70.84148727984343
-46.935483870967744,72.40704500978474
-46.935483870967744,72.21135029354207
-46.935483870967744,71.0371819960861
-46.935483870967744,70.84148727984343
-46.774193548387096,72.79843444227005
-46.774193548387096,71.0371819960861
-46.774193548387096,72.6027397260274
-46.774193548387096,71.23287671232876
-46.612903225806456,71.23287671232876
-46.612903225806456,72.99412915851272
-46.612903225806456,72.79843444227005
-46.612903225806456,71.42857142857143
-46.45161290322581,72.99412915851272
-46.45161290322581,73.18982387475538
-46.45161290322581,71.42857142857143
-46.45161290322581,71.62426614481409
-46.29032258064516,73.18982387475538
-46.29032258064516,72.01565557729941
-46.29032258064516,71.81996086105674
-46.29032258064516,73.38551859099803
-46.12903225806452,73.5812133072407
-46.12903225806452,73.38551859099803
-46.12903225806452,72.01565557729941
-45.96774193548387,73.77690802348336
-45.96774193548387,72.21135029354207
-45.96774193548387,73.97260273972603
-45.806451612903224,73.97260273972603
-45.806451612903224,72.6027397260274
-45.806451612903224,72.40704500978474
-45.645161290322584,72.6027397260274
-45.645161290322584,74.16829745596868
-45.645161290322584,72.79843444227005
-45.483870967741936,74.55968688845401
-45.483870967741936,72.99412915851272
-45.483870967741936,72.79843444227005
-45.483870967741936,74.36399217221134
-45.32258064516129,74.75538160469667
-45.32258064516129,74.55968688845401
-45.32258064516129,72.99412915851272
-45.32258064516129,73.18982387475538
-45.16129032258065,73.5812133072407
-45.16129032258065,73.38551859099803
-45.16129032258065,74.95107632093934
-45.16129032258065,74.75538160469667
-45.0,73.77690802348336
-45.0,75.14677103718199
-45.0,73.5812133072407
-45.0,74.95107632093934
-44.83870967741936,73.97260273972603
-44.83870967741936,73.77690802348336
-44.83870967741936,75.34246575342465
-44.83870967741936,75.14677103718199
-44.67741935483871,73.97260273972603
-44.67741935483871,75.34246575342465
-44.67741935483871,75.53816046966732
-44.67741935483871,74.16829745596868
-44.516129032258064,74.16829745596868
-44.516129032258064,74.36399217221134
-44.516129032258064,75.73385518590997
-44.516129032258064,75.53816046966732
-44.35483870967742,74.55968688845401
-44.35483870967742,75.92954990215264
-44.35483870967742,74.36399217221134
-44.35483870967742,75.73385518590997
-44.193548387096776,76.1252446183953
-44.193548387096776,74.75538160469667
-44.193548387096776,74.55968688845401
-44.193548387096776,75.92954990215264
-44.03225806451613,76.32093933463796
-44.03225806451613,76.1252446183953
-44.03225806451613,74.95107632093934
-44.03225806451613,74.75538160469667
-43.87096774193549,75.14677103718199
-43.87096774193549,74.95107632093934
-43.87096774193549,76.51663405088063
-43.70967741935484,75.14677103718199
-43.70967741935484,76.71232876712328
-43.70967741935484,75.34246575342465
-43.54838709677419,76.71232876712328
-43.54838709677419,75.53816046966732
-43.54838709677419,75.34246575342465
-43.54838709677419,76.90802348336595
-43.38709677419355,77.10371819960861
-43.38709677419355,77.29941291585126
-43.38709677419355,75.73385518590997
-43.225806451612904,77.29941291585126
-43.225806451612904,75.92954990215264
-43.064516129032256,76.1252446183953
-43.064516129032256,77.49510763209393
-43.064516129032256,76.32093933463796
-42.903225806451616,77.69080234833659
-42.903225806451616,77.49510763209393
-42.903225806451616,76.51663405088063
-42.903225806451616,76.32093933463796
-42.74193548387097,77.88649706457925
-42.74193548387097,76.51663405088063
-42.74193548387097,78.08219178082192
-42.74193548387097,76.71232876712328
-42.58064516129033,78.08219178082192
-42.58064516129033,78.27788649706457
-42.58064516129033,76.71232876712328
-42.58064516129033,76.90802348336595
-42.41935483870968,78.47358121330724
-42.41935483870968,77.10371819960861
-42.41935483870968,76.90802348336595
-42.41935483870968,78.27788649706457
-42.25806451612903,77.29941291585126
-42.25806451612903,78.6692759295499
-42.25806451612903,77.10371819960861
-42.25806451612903,78.47358121330724
-42.09677419354839,77.49510763209393
-42.09677419354839,78.86497064579255
-42.09677419354839,77.29941291585126
-42.09677419354839,78.6692759295499
-41.935483870967744,79.06066536203522
-41.935483870967744,78.86497064579255
-41.935483870967744,77.49510763209393
-41.935483870967744,77.69080234833659
-41.774193548387096,79.25636007827788
-41.774193548387096,77.69080234833659
-41.774193548387096,79.06066536203522
-41.774193548387096,77.88649706457925
-41.612903225806456,77.88649706457925
-41.612903225806456,79.45205479452055
-41.612903225806456,79.25636007827788
-41.612903225806456,78.08219178082192
-41.45161290322581,79.6477495107632
-41.45161290322581,79.45205479452055
-41.45161290322581,78.08219178082192
-41.45161290322581,78.27788649706457
-41.29032258064516,79.84344422700586
-41.29032258064516,79.6477495107632
-41.29032258064516,78.27788649706457
-41.29032258064516,78.47358121330724
-41.12903225806452,79.84344422700586
-41.12903225806452,80.03913894324853
-41.12903225806452,78.6692759295499
-41.12903225806452,78.47358121330724
-40.96774193548387,80.23483365949119
-40.96774193548387,78.86497064579255
-40.96774193548387,78.6692759295499
-40.96774193548387,80.03913894324853
-40.806451612903224,80.23483365949119
-40.806451612903224,79.06066536203522
-40.806451612903224,78.86497064579255
-40.806451612903224,80.43052837573386
-40.645161290322584,80.43052837573386
-40.645161290322584,79.25636007827788
-40.645161290322584,80.62622309197651
-40.645161290322584,79.06066536203522
-40.483870967741936,80.62622309197651
-40.483870967741936,79.25636007827788
-40.483870967741936,79.45205479452055
-40.32258064516129,79.6477495107632
-40.32258064516129,79.45205479452055
-40.32258064516129,80.82191780821917
-40.16129032258065,79.84344422700586
-40.16129032258065,81.01761252446184
-40.16129032258065,79.6477495107632
-40.16129032258065,80.82191780821917
-40.0,81.2133072407045
-40.0,79.84344422700586
-40.0,81.01761252446184
-40.0,80.03913894324853
-39.83870967741936,81.2133072407045
-39.83870967741936,81.40900195694715
-39.83870967741936,80.03913894324853
-39.67741935483871,80.23483365949119
-39.67741935483871,81.40900195694715
-39.67741935483871,81.60469667318982
-39.516129032258064,81.80039138943248
-39.516129032258064,80.43052837573386
-39.516129032258064,80.23483365949119
-39.516129032258064,81.60469667318982
-39.35483870967742,80.62622309197651
-39.35483870967742,80.43052837573386
-39.35483870967742,81.99608610567515
-39.35483870967742,81.80039138943248
-39.193548387096776,81.99608610567515
-39.193548387096776,80.82191780821917
-39.193548387096776,82.1917808219178
-39.03225806451613,82.38747553816046
-39.03225806451613,81.01761252446184
-39.03225806451613,82.1917808219178
-38.87096774193549,82.58317025440313
-38.87096774193549,82.38747553816046
-38.87096774193549,81.01761252446184
-38.87096774193549,81.2133072407045
-38.70967741935484,82.58317025440313
-38.70967741935484,81.2133072407045
-38.70967741935484,81.40900195694715
-38.70967741935484,82.77886497064578
-38.54838709677419,81.40900195694715
-38.54838709677419,82.97455968688845
-38.54838709677419,82.77886497064578
-38.54838709677419,81.60469667318982
-38.38709677419355,81.60469667318982
-38.38709677419355,82.97455968688845
-38.38709677419355,81.80039138943248
-38.225806451612904,83.17025440313111
-38.225806451612904,81.80039138943248
-38.225806451612904,81.99608610567515
-38.064516129032256,81.99608610567515
-38.064516129032256,83.17025440313111
-38.064516129032256,83.36594911937377
-38.064516129032256,82.1917808219178
-37.903225806451616,83.36594911937377
-37.903225806451616,82.38747553816046
-37.903225806451616,83.56164383561644
-37.903225806451616,82.1917808219178
-37.74193548387097,82.58317025440313
-37.74193548387097,82.38747553816046
-37.74193548387097,83.56164383561644
-37.74193548387097,83.75733855185909
-37.58064516129033,82.58317025440313
-37.58064516129033,83.95303326810176
-37.58064516129033,83.75733855185909
-37.41935483870968,84.14872798434442
-37.41935483870968,83.95303326810176
-37.41935483870968,82.77886497064578
-37.25806451612903,84.34442270058707
-37.25806451612903,82.77886497064578
-37.25806451612903,84.14872798434442
-37.25806451612903,82.97455968688845
-37.09677419354839,84.54011741682974
-37.09677419354839,83.17025440313111
-37.09677419354839,84.34442270058707
-37.09677419354839,82.97455968688845
-36.935483870967744,84.54011741682974
-36.935483870967744,83.17025440313111
-36.935483870967744,83.36594911937377
-36.774193548387096,83.56164383561644
-36.774193548387096,83.36594911937377
-36.774193548387096,84.7358121330724
-36.612903225806456,83.75733855185909
-36.612903225806456,84.93150684931507
-36.612903225806456,83.56164383561644
-36.612903225806456,84.7358121330724
-36.45161290322581,85.12720156555773
-36.45161290322581,84.93150684931507
-36.45161290322581,83.75733855185909
-36.29032258064516,85.12720156555773
-36.29032258064516,85.32289628180038
-36.29032258064516,83.95303326810176
-36.12903225806452,85.51859099804305
-36.12903225806452,85.32289628180038
-36.12903225806452,83.95303326810176
-36.12903225806452,84.14872798434442
-35.96774193548387,84.34442270058707
-35.96774193548387,85.51859099804305
-35.96774193548387,84.14872798434442
-35.806451612903224,84.54011741682974
-35.806451612903224,84.34442270058707
-35.806451612903224,85.71428571428571
-35.645161290322584,85.71428571428571
-35.645161290322584,85.90998043052836
-35.645161290322584,84.54011741682974
-35.645161290322584,84.7358121330724
-35.483870967741936,84.93150684931507
-35.483870967741936,85.90998043052836
-35.483870967741936,84.7358121330724
-35.483870967741936,86.10567514677103
-35.322580645161295,84.93150684931507
-35.322580645161295,86.30136986301369
-35.322580645161295,86.10567514677103
-35.16129032258065,85.12720156555773
-35.16129032258065,86.30136986301369
-35.0,85.32289628180038
-35.0,85.12720156555773
-35.0,86.49706457925636
-34.83870967741936,85.32289628180038
-34.83870967741936,86.49706457925636
-34.83870967741936,86.69275929549902
-34.83870967741936,85.51859099804305
-34.67741935483871,86.88845401174167
-34.67741935483871,85.51859099804305
-34.67741935483871,86.69275929549902
-34.516129032258064,85.71428571428571
-34.516129032258064,87.08414872798434
-34.516129032258064,86.88845401174167
-34.35483870967742,85.90998043052836
-34.35483870967742,85.71428571428571
-34.35483870967742,87.08414872798434
-34.193548387096776,86.10567514677103
-34.193548387096776,85.90998043052836
-34.193548387096776,87.279843444227
-34.03225806451613,87.47553816046967
-34.03225806451613,87.279843444227
-34.03225806451613,86.10567514677103
-34.03225806451613,86.30136986301369
-33.87096774193549,86.30136986301369
-33.87096774193549,87.47553816046967
-33.70967741935484,87.67123287671232
-33.70967741935484,86.49706457925636
-33.54838709677419,87.86692759295498
-33.54838709677419,86.49706457925636
-33.54838709677419,87.67123287671232
-33.54838709677419,86.69275929549902
-33.38709677419355,86.69275929549902
-33.38709677419355,86.88845401174167
-33.38709677419355,88.06262230919765
-33.38709677419355,87.86692759295498
-33.225806451612904,88.06262230919765
-33.225806451612904,86.88845401174167
-33.064516129032256,88.2583170254403
-33.064516129032256,87.08414872798434
-32.903225806451616,88.45401174168298
-32.903225806451616,88.2583170254403
-32.903225806451616,87.279843444227
-32.903225806451616,87.08414872798434
-32.74193548387097,87.47553816046967
-32.74193548387097,88.45401174168298
-32.74193548387097,88.64970645792563
-32.74193548387097,87.279843444227
-32.58064516129033,88.84540117416829
-32.58064516129033,88.64970645792563
-32.58064516129033,87.47553816046967
-32.41935483870968,88.84540117416829
-32.41935483870968,87.67123287671232
-32.25806451612903,87.67123287671232
-32.25806451612903,87.86692759295498
-32.25806451612903,89.04109589041096
-32.09677419354839,89.04109589041096
-32.09677419354839,88.06262230919765
-32.09677419354839,87.86692759295498
-31.935483870967744,89.23679060665361
-31.935483870967744,88.06262230919765
-31.774193548387096,89.43248532289628
-31.774193548387096,88.2583170254403
-31.774193548387096,89.23679060665361
-31.612903225806456,89.62818003913894
-31.612903225806456,89.43248532289628
-31.612903225806456,88.2583170254403
-31.612903225806456,88.45401174168298
-31.451612903225808,89.62818003913894
-31.451612903225808,88.45401174168298
-31.29032258064516,89.8238747553816
-31.29032258064516,88.64970645792563
-31.12903225806452,90.01956947162427
-31.12903225806452,89.8238747553816
-31.12903225806452,88.84540117416829
-31.12903225806452,88.64970645792563
-30.967741935483872,88.84540117416829
-30.967741935483872,90.01956947162427
-30.967741935483872,90.21526418786692
-30.967741935483872,89.04109589041096
-30.806451612903224,90.21526418786692
-30.806451612903224,89.04109589041096
-30.645161290322584,90.41095890410958
-30.645161290322584,89.23679060665361
-30.483870967741936,90.60665362035225
-30.483870967741936,89.43248532289628
-30.483870967741936,90.41095890410958
-30.483870967741936,89.23679060665361
-30.322580645161295,90.60665362035225
-30.322580645161295,89.43248532289628
-30.161290322580648,89.62818003913894
-30.161290322580648,90.8023483365949
-30.0,89.8238747553816
-30.0,89.62818003913894
-30.0,90.8023483365949
-29.83870967741936,89.8238747553816
-29.83870967741936,90.99804305283757
-29.67741935483871,91.19373776908023
-29.67741935483871,90.99804305283757
-29.67741935483871,90.01956947162427
-29.516129032258064,90.21526418786692
-29.516129032258064,90.01956947162427
-29.516129032258064,91.19373776908023
-29.516129032258064,91.38943248532289
-29.354838709677423,90.21526418786692
-29.354838709677423,91.38943248532289
-29.193548387096776,90.41095890410958
-29.193548387096776,91.58512720156556
-29.032258064516128,91.58512720156556
-29.032258064516128,90.41095890410958
-29.032258064516128,90.60665362035225
-29.032258064516128,91.78082191780821
-28.870967741935488,90.8023483365949
-28.870967741935488,90.60665362035225
-28.870967741935488,91.78082191780821
-28.70967741935484,90.8023483365949
-28.70967741935484,91.97651663405088
-28.548387096774192,92.17221135029354
-28.548387096774192,91.97651663405088
-28.548387096774192,90.99804305283757
-28.38709677419355,90.99804305283757
-28.38709677419355,92.17221135029354
-28.225806451612904,91.19373776908023
-28.225806451612904,92.3679060665362
-28.064516129032256,92.3679060665362
-28.064516129032256,91.38943248532289
-28.064516129032256,91.19373776908023
-27.903225806451616,91.38943248532289
-27.903225806451616,92.56360078277886
-27.741935483870968,92.56360078277886
-27.741935483870968,92.75929549902152
-27.741935483870968,91.58512720156556
-27.580645161290327,91.58512720156556
-27.580645161290327,92.75929549902152
-27.41935483870968,92.95499021526419
-27.41935483870968,91.78082191780821
-27.258064516129032,91.78082191780821
-27.258064516129032,92.95499021526419
-27.258064516129032,91.97651663405088
-27.09677419354839,93.15068493150685
-27.09677419354839,91.97651663405088
-26.935483870967744,92.17221135029354
-26.935483870967744,93.15068493150685
-26.774193548387096,92.3679060665362
-26.774193548387096,92.17221135029354
-26.774193548387096,93.3463796477495
-26.612903225806456,93.3463796477495
-26.612903225806456,92.3679060665362
-26.612903225806456,93.54207436399217
-26.451612903225808,93.54207436399217
-26.451612903225808,92.56360078277886
-26.29032258064516,93.73776908023483
-26.29032258064516,92.56360078277886
-26.12903225806452,93.73776908023483
-26.12903225806452,92.75929549902152
-25.967741935483872,92.75929549902152
-25.967741935483872,93.9334637964775
-25.80645161290323,92.95499021526419
-25.80645161290323,93.9334637964775
-25.645161290322577,93.15068493150685
-25.645161290322577,92.95499021526419
-25.645161290322577,94.12915851272015
-25.483870967741936,93.15068493150685
-25.483870967741936,94.32485322896281
-25.483870967741936,94.12915851272015
-25.322580645161295,93.3463796477495
-25.322580645161295,94.32485322896281
-25.16129032258064,93.3463796477495
-25.16129032258064,94.52054794520548
-25.0,94.52054794520548
-25.0,93.54207436399217
-24.83870967741936,93.54207436399217
-24.83870967741936,94.71624266144813
-24.677419354838705,93.73776908023483
-24.677419354838705,94.71624266144813
-24.516129032258064,94.91193737769079
-24.516129032258064,93.73776908023483
-24.354838709677423,94.91193737769079
-24.354838709677423,93.9334637964775
-24.193548387096783,95.10763209393346
-24.193548387096783,93.9334637964775
-24.193548387096783,94.12915851272015
-24.032258064516128,95.30332681017612
-24.032258064516128,95.10763209393346
-24.032258064516128,94.12915851272015
-23.870967741935488,94.32485322896281
-23.870967741935488,95.30332681017612
-23.709677419354847,95.49902152641879
-23.709677419354847,94.32485322896281
-23.548387096774192,95.49902152641879
-23.548387096774192,94.32485322896281
-23.38709677419355,94.52054794520548
-23.38709677419355,95.49902152641879
-23.22580645161291,95.69471624266144
-23.22580645161291,94.52054794520548
-23.22580645161291,94.71624266144813
-23.064516129032256,95.69471624266144
-23.064516129032256,94.71624266144813
-22.903225806451616,94.91193737769079
-22.903225806451616,95.8904109589041
-22.741935483870975,94.91193737769079
-22.741935483870975,95.8904109589041
-22.58064516129032,95.10763209393346
-22.58064516129032,96.08610567514677
-22.41935483870968,96.08610567514677
-22.41935483870968,95.10763209393346
-22.25806451612904,95.10763209393346
-22.25806451612904,96.28180039138942
-22.096774193548384,95.30332681017612
-22.096774193548384,96.28180039138942
-21.935483870967744,96.4774951076321
-21.935483870967744,95.30332681017612
-21.774193548387103,95.49902152641879
-21.774193548387103,96.4774951076321
-21.61290322580645,95.49902152641879
-21.61290322580645,96.67318982387475
-21.451612903225808,95.69471624266144
-21.451612903225808,96.67318982387475
-21.290322580645167,96.67318982387475
-21.290322580645167,95.69471624266144
-21.129032258064512,95.8904109589041
-21.129032258064512,96.8688845401174
-20.967741935483872,96.8688845401174
-20.967741935483872,95.8904109589041
-20.80645161290323,97.06457925636008
-20.80645161290323,95.8904109589041
-20.645161290322577,96.08610567514677
-20.645161290322577,97.06457925636008
-20.483870967741936,97.26027397260273
-20.483870967741936,96.08610567514677
-20.322580645161295,97.26027397260273
-20.322580645161295,96.08610567514677
-20.16129032258064,97.26027397260273
-20.16129032258064,96.28180039138942
-20.0,97.4559686888454
-20.0,96.28180039138942
-19.83870967741936,96.4774951076321
-19.83870967741936,97.4559686888454
-19.677419354838705,96.4774951076321
-19.677419354838705,97.4559686888454
-19.516129032258064,97.65166340508806
-19.516129032258064,96.67318982387475
-19.354838709677423,97.65166340508806
-19.354838709677423,96.67318982387475
-19.193548387096783,97.65166340508806
-19.193548387096783,96.67318982387475
-19.032258064516128,96.8688845401174
-19.032258064516128,97.84735812133071
-18.870967741935488,97.84735812133071
-18.870967741935488,96.8688845401174
-18.709677419354847,98.04305283757338
-18.709677419354847,96.8688845401174
-18.548387096774192,97.06457925636008
-18.548387096774192,98.04305283757338
-18.38709677419355,97.06457925636008
-18.38709677419355,98.04305283757338
-18.22580645161291,97.06457925636008
-18.22580645161291,98.04305283757338
-18.064516129032256,98.23874755381604
-18.064516129032256,97.06457925636008
-17.903225806451616,98.23874755381604
-17.903225806451616,97.26027397260273
-17.741935483870975,97.26027397260273
-17.741935483870975,98.23874755381604
-17.58064516129032,98.23874755381604
-17.58064516129032,97.4559686888454
-17.41935483870968,98.4344422700587
-17.41935483870968,97.4559686888454
-17.25806451612904,98.4344422700587
-17.25806451612904,97.4559686888454
-17.096774193548384,98.4344422700587
-17.096774193548384,97.65166340508806
-16.935483870967744,98.63013698630137
-16.935483870967744,97.65166340508806
-16.774193548387103,98.63013698630137
-16.774193548387103,97.65166340508806
-16.61290322580645,98.82583170254402
-16.61290322580645,97.65166340508806
-16.451612903225808,98.82583170254402
-16.451612903225808,97.84735812133071
-16.290322580645167,97.84735812133071
-16.290322580645167,98.82583170254402
-16.129032258064512,97.84735812133071
-16.129032258064512,98.82583170254402
-15.967741935483872,99.02152641878669
-15.967741935483872,97.84735812133071
-15.806451612903231,99.02152641878669
-15.806451612903231,98.04305283757338
-15.645161290322577,98.04305283757338
-15.645161290322577,99.02152641878669
-15.483870967741936,98.04305283757338
-15.483870967741936,99.02152641878669
-15.322580645161295,98.23874755381604
-15.322580645161295,99.02152641878669
-15.16129032258064,99.21722113502935
-15.16129032258064,98.23874755381604
-15.0,98.23874755381604
-15.0,99.21722113502935
-14.83870967741936,98.23874755381604
-14.83870967741936,99.21722113502935
-14.677419354838719,98.4344422700587
-14.677419354838719,99.21722113502935
-14.516129032258064,98.4344422700587
-14.516129032258064,99.412915851272
-14.354838709677423,99.412915851272
-14.354838709677423,98.4344422700587
-14.193548387096783,99.412915851272
-14.193548387096783,98.4344422700587
-14.032258064516128,99.60861056751467
-14.032258064516128,98.4344422700587
-13.870967741935488,98.63013698630137
-13.870967741935488,99.60861056751467
-13.709677419354847,99.60861056751467
-13.709677419354847,98.63013698630137
-13.548387096774192,99.60861056751467
-13.548387096774192,98.63013698630137
-13.387096774193552,98.63013698630137
-13.387096774193552,99.60861056751467
-13.225806451612911,98.63013698630137
-13.225806451612911,99.80430528375733
-13.064516129032256,99.80430528375733
-13.064516129032256,98.82583170254402
-12.903225806451616,98.82583170254402
-12.903225806451616,99.80430528375733
-12.741935483870975,99.80430528375733
-12.741935483870975,98.82583170254402
-12.58064516129032,98.82583170254402
-12.58064516129032,99.80430528375733
-12.41935483870968,98.82583170254402
-12.41935483870968,99.80430528375733
-12.25806451612904,100.0
-12.25806451612904,99.02152641878669
-12.096774193548384,100.0
-12.096774193548384,99.02152641878669
-11.935483870967744,100.0
-11.935483870967744,99.02152641878669
-11.774193548387103,99.02152641878669
-11.774193548387103,100.0
-11.612903225806448,99.21722113502935
-11.612903225806448,100.0
-11.451612903225808,100.0
-11.451612903225808,99.21722113502935
-11.290322580645167,99.21722113502935
-11.129032258064512,99.21722113502935
-10.967741935483872,99.21722113502935
-10.806451612903231,99.21722113502935
-10.645161290322577,99.412915851272
-10.483870967741936,99.412915851272
-10.322580645161295,99.412915851272
-10.16129032258064,99.412915851272
-10.0,99.412915851272
-9.83870967741936,99.412915851272
-9.677419354838719,99.60861056751467
-9.516129032258064,99.60861056751467
-9.354838709677423,99.60861056751467
-9.193548387096783,99.60861056751467
-9.032258064516128,99.60861056751467
-8.870967741935488,99.60861056751467
-8.709677419354847,99.60861056751467
-8.548387096774192,99.80430528375733
-8.387096774193552,99.80430528375733
-8.225806451612911,99.80430528375733
-8.064516129032256,99.80430528375733
-7.903225806451616,99.80430528375733
-7.741935483870975,100.0
-7.58064516129032,100.0
-7.41935483870968,100.0
-7.258064516129039,100.0
-7.096774193548384,100.0
-6.935483870967744,100.0
-6.774193548387103,100.0
-6.612903225806448,100.0
-6.451612903225808,100.0
-6.290322580645167,100.0
-6.1290322580645125,100.0
-0.48387096774193594,100.0
-0.32258064516129537,100.0
-0.16129032258064058,100.0
0.0,100.0
