Angle,Intensity
0.3410422788588532,0.2410283382083728
0.3626266739625137,0.22668193770560663
0.662349447372199,0.24821398896525518
0.678024910751301,0.24247571319169306
0.7298430640241027,0.2252610058638528
0.7345210342548154,0.2238264559296067
0.9290393194220559,0.2654483036721535
0.98776039963981,0.24966917154852558
1.2188752351312977,0.26977845263542677
1.231977402639728,0.26690977471055316
1.4995470379776346,0.2741152868458111
1.5154079000221272,0.2712469457466416
1.7714697400340769,0.27845849394660627
1.7899106082460694,0.27559054539294253
1.8357747405456943,0.22392299130700186
2.0454084888872277,0.2813740227062766
2.055888785004674,0.2799402744074747
2.3021082924366265,0.28572935479085126
2.325454420775296,0.28286235991363146
2.520827907710173,0.22833302277729647
2.536761738159984,0.226899752805903
2.5637702114650045,0.2886570118025923
2.5765718302688305,0.2872237879217085
2.8063702517882496,0.2930235061644694
2.8341110163065135,0.2901576472185021
3.056580448149439,0.2959624636828635
3.0714621170703906,0.2945298475509665
3.1798301198642345,0.2327744564063898
3.199539709562572,0.23134201190094364
3.2861019790753,0.30033925114473514
3.3177811683348435,0.297474680368571
3.4893249057963907,0.23572239279592533
3.510678430267298,0.23429040164307127
3.5256151971744583,0.3032887551380654
3.5423611921937037,0.30185681619972626
3.7429882956871343,0.3076750494092435
3.7461620496036296,0.24154016679015966
3.778197707161587,0.3048118933357569
3.8140748342903543,0.23724552857724063
3.972495940750659,0.31063441167182887
3.9909130984297803,0.2473625659784294
3.9909130984297803,0.3092032074730367
4.06152267731057,0.24306918610470415
4.197668357160926,0.31359866405415926
4.21694282916858,0.31216786320025486
4.248454529361296,0.25175852409523297
4.297386663941696,0.24889716511874008
4.398705354995532,0.3179980913051961
4.4387163677047035,0.3151372856622009
4.497151614667772,0.25615939423343803
4.548042409125415,0.25329899401344735
4.614766577888438,0.32097128987855544
4.635463426902643,0.3195412945905988
4.711530946101558,0.2619947200138811
4.7901307223632275,0.25770550503347467
4.826858781122976,0.32394896893644665
4.848304768394877,0.32251941246825466
4.91656600601002,0.26783355380365437
4.996760664571359,0.26354564705529787
5.035084679456669,0.3269310060544846
5.057248532559135,0.3255018995109365
5.139757378990604,0.2722467424132821
5.194428907734806,0.2693890680890115
5.216889031834481,0.33134598143478594
5.2623953995951185,0.32848863671018336
5.328234781979844,0.27809236623710337
5.4118691523170295,0.2738072540571504
5.41702211385661,0.3343359180951065
5.440332031005506,0.33290768584969727
5.565098834911646,0.2810849290775051
5.593603449112254,0.2796570586900169
5.613605029523088,0.3373298616193672
5.637542884459888,0.33590210423722183
5.767888897914144,0.2855095615611134
5.806726905531577,0.34032770625958797
5.826342029555775,0.28265490140449145
5.831266462677562,0.3389004317794734
5.96448710125312,0.289937661443606
5.996474072411539,0.3433293498258061
6.021590139043345,0.3419025656320246
6.023993082319619,0.2870840152868108
6.182930165948259,0.34633469354345153
6.185254915582345,0.292942716181553
6.208598547085466,0.3449084064028241
6.215635899702656,0.2915164416815415
6.366176224633251,0.34934364191722395
6.392373680037028,0.3479178580139827
6.401536240149716,0.29595203175581025
6.432653924138303,0.29452635336890115
6.581944655178011,0.3003906453642845
6.645278210274421,0.2975404049587643
6.750539462178972,0.35394722523114125
6.7779487341990485,0.3525225445389217
6.788974574438791,0.30340749567148667
6.821152364784354,0.3019829357131071
6.92508173839268,0.3569669640945902
6.952957468173915,0.3555428054901819
6.959422071498969,0.307852276779717
7.024732123106733,0.3050042814238103
7.096694166575359,0.35998996007822226
7.125016348901798,0.35856632769906044
7.157813013615805,0.3108761673020835
7.190911408420399,0.30945273263063783
7.265446899839111,0.3630161318116029
7.294196308540855,0.3615930293568697
7.3190193755904325,0.3153266377140985
7.386043151267269,0.3124808961012225
7.431407971172507,0.36604540053103435
7.460566126168351,0.3646228312866508
7.509331073817328,0.3183571170882811
7.543226290398895,0.31693480976498967
7.594643368591445,0.36907768997938506
7.624192504451834,0.36765565684161067
7.696051722016569,0.3213910425720856
7.73045533233669,0.31996935604387156
7.879278154965031,0.32442831748555817
7.913191299265448,0.37515103799681615
7.914164509047649,0.3230072548250532
7.973983450297686,0.37230923581042746
8.024064635282185,0.32888940840067366
8.094448482272004,0.3260484123994951
8.200146059498799,0.33193248164316297
8.235619324209505,0.33051254614124426
8.252529047136084,0.37981574561552983
8.283709974105363,0.37839599047825506
8.373026674782396,0.33497863286717217
8.403371090560826,0.38286262158933776
8.408911732600714,0.3335593233385752
8.434864264577055,0.3814434151015696
8.542789907675715,0.3380277788606405
8.579065518012142,0.3366090965965352
8.709516422004967,0.3410798393066993
8.730036234409928,0.3875460406730891
8.74616226255521,0.3396617852115695
8.762347510574715,0.38612805639813214
8.873284227210082,0.3441347366623092
8.910280851132013,0.34271731127973754
9.034168781898174,0.3471923960427667
9.048890204881795,0.39224175616887863
9.071497577177167,0.3457755995796147
9.081969572828761,0.39082500938550624
9.18883607735876,0.39530219958780977
9.1922430928458,0.35025274511176235
9.222161664476513,0.39388600965158
9.229886243727718,0.348836577460849
9.347577809664934,0.35331571397669304
9.385518260043069,0.3519001747380685
9.496105092974537,0.40001492217635315
9.500241315337306,0.3563812350889465
9.530127832599952,0.39859998488003173
9.538462733986137,0.3549663235898509
9.629951277764341,0.40308272933753875
9.650299812811918,0.3594492431488942
9.664185540189855,0.4016683502522401
9.688786560366802,0.3580349584624855
9.797817407851257,0.3625196750153433
9.836554505438967,0.361106015978272
10.089382315493898,0.409473687705491
10.124671655397817,0.3672551557881997
10.124671655397817,0.40806128420911086
10.164169635845111,0.36584291688894066
10.26514046021372,0.37033312144049885
10.304846468766033,0.36892150674934343
10.53466477765463,0.4158901641499894
10.570924027422466,0.4144797621441341
10.579268220217417,0.37508519410846247
10.619655276155134,0.3736750065605794
10.713123022791036,0.3781701855410637
10.753680246939542,0.37676061875198386
10.844810902108737,0.38125720756605963
10.885527054658738,0.37984825898354957
10.966390944340532,0.42233099558392956
10.974382696753661,0.38434621125504
11.003540851749504,0.4209226155297006
11.015247007376402,0.3829378781988237
11.234444007142086,0.4271069178058545
11.268503862647922,0.38912286499377796
11.272063491092215,0.42569983327855737
11.309932474020213,0.387715956463753
11.49656301758578,0.43189198146556496
11.534620653644716,0.4304861935676335
11.717434703203377,0.3956040802039812
11.752932250664148,0.4366858860563483
11.759783026573471,0.39419941774788686
11.791398279858566,0.43528139480253425
11.835567080477826,0.3987058276480088
11.878002324758624,0.39730177019586477
12.00372890652995,0.4414883435803433
12.042575142884983,0.4400851479885007
12.10898498322898,0.4035114322855541
12.151867229554377,0.4021087986698959
12.249123419755792,0.44629907793288526
12.28832316327534,0.4448971761079323
12.489279754392586,0.45111782432098946
12.528807709151511,0.44971721353256605
12.528807709151511,0.41003628292675137
12.572445004227534,0.40863589800957606
12.6367092379243,0.4131492454116841
12.68038349181982,0.4117494501896739
12.724355685422369,0.4559443287139273
12.764187882460622,0.45454500546822635
12.891434383114024,0.4179808404684275
12.9354575155593,0.4165824577778946
13.140333109269038,0.42282050804457577
13.184676093188965,0.4214235322510777
13.220241813215587,0.4642228847473289
13.240519915187205,0.42594151595572977
13.260859204184845,0.46282635527454635
13.28486648490219,0.4245451135605216
13.40059152110976,0.47046800034099323
13.480889814932791,0.43079208600295843
13.482060502266883,0.4676772609369113
13.525516659276612,0.4293970775151537
13.616808943640967,0.47532319410151663
13.657642505812152,0.47392897304330156
13.702889966747376,0.47845017663255535
13.715902990665514,0.4356500691160586
13.743707383679066,0.4770564652955484
13.76078511179124,0.43425644718176004
13.809060758781277,0.43877833018068874
13.8539186115485,0.43738526399022715
13.912494676520021,0.48331461632095674
13.953505937691709,0.48192215999303933
14.036243467926479,0.44364629122526733
14.081322750137778,0.4422545966068702
14.117919505991933,0.4881853953050572
14.15910771029307,0.4867941870178419
14.19855402386317,0.4913184915935337
14.23970773877438,0.48992777776780616
14.258491304038058,0.44852107576974254
14.303770455308987,0.44713074407150927
14.345231579237462,0.4516558900852605
14.39046324874091,0.45026609560853276
14.397852983316723,0.49619781271702673
14.439160732628466,0.49480833357396153
14.560275619356876,0.45653982746761124
14.593268218899308,0.5010830205849216
14.605678184847097,0.45515137949073964
14.634715220277632,0.4996947683635599
14.897122022907821,0.46318421448098934
14.900130807286567,0.5077282517717445
14.941874520513329,0.5063419590570121
14.942883213508418,0.4617979153002277
14.97287576678692,0.5108704208456362
14.976835939542092,0.46632638905046364
15.014559916097332,0.5094845980704886
15.022525476641121,0.4649406048923438
15.157272870731735,0.5157722909367449
15.178622380668802,0.47122862515989533
15.199056314380773,0.5143876702026515
15.224430018518976,0.46984415767914245
15.227332197227879,0.5189173155290492
15.255118703057777,0.47437392082669283
15.269049113557195,0.5175331549145402
15.300845572449994,0.4729899565711478
15.330607169935904,0.477520050937153
15.376251248826188,0.4761365856823618
15.406512435429754,0.5238263995664505
15.448311832446844,0.52244342597548
15.524110996754258,0.4824322695776068
15.569845166090595,0.4810500954062478
15.689992929083873,0.5305087687938325
15.713711844191383,0.4873498798835507
15.732004785107302,0.5291277011010597
15.759522166892863,0.4859689860118589
15.784259139500191,0.4905009021732559
15.808543184631265,0.4950329080903777
15.829973455300728,0.48912048811842873
15.899522588456557,0.49227272027317653
15.99056402677537,0.4999583183029782
16.03598203811398,0.4985793193358719
16.057608408282494,0.5031121946793957
16.071090279565084,0.5389786622240269
16.10292514129895,0.5017336594107938
16.11341823308929,0.5376002101394851
16.132840530485385,0.5421333333056603
16.17507891790835,0.5407553102946583
16.234317088018635,0.5080443560426382
16.279673202130517,0.5066670530434466
16.29626624525571,0.5470673569497282
16.338535202540985,0.5456904781586819
16.407626122421817,0.5129812569562077
16.45301086616537,0.5116051752119463
16.515702588953115,0.5147636641641544
16.66867833691296,0.5151733448212527
16.755748929198983,0.5573603108502663
16.798371781305296,0.5559867100829319
17.045029311303846,0.5237026120778359
17.09115873909796,0.5223311324984093
17.307803462427806,0.5304563888649133
17.35402463626132,0.5290868552616147
17.38835918167241,0.571280393559173
17.431462945561766,0.5699114505158294
17.532727661391856,0.5762470274307636
17.563965217936683,0.5372210425501748
17.575802636476435,0.5748791702341003
17.610257048226742,0.5358534336223063
17.715792706376938,0.5421921775893681
17.762042755251233,0.5408257220099126
17.81888891452278,0.548532718566446
17.911061864880427,0.5458017367691333
17.965321803232364,0.5535101009519509
18.01124083977037,0.552145560726248
18.037374621446094,0.5884391546124891
18.08072904210758,0.5870751626944705
18.202983371623805,0.560301323113417
18.248924218414484,0.5589386324987815
18.66321765307543,0.5693748812110294
18.799885158652657,0.5698356027007453
18.932374032127523,0.5748362044081271
18.978879755713443,0.5734793386003548
19.403117449578193,0.6175487715119315
19.528568025053918,0.618026867194907
19.76910716105904,0.6235275031222048
19.893071978819243,0.6240142119259532
20.128130576222677,0.6295311927016511
20.250633509282487,0.6300263314156183
20.365536264089002,0.6060088742357845
20.48035731180924,0.6355591329684063
20.49259476987029,0.6065096414635799
20.60142201541292,0.6360625231446304
20.72895376865031,0.6120532542657392
20.854458039578347,0.612562520686616
21.008781738419678,0.616267583224458
21.11934909317916,0.6490231514016874
21.237400342788796,0.6495414576597421
21.25740030607867,0.6173020826898373
21.309310597172612,0.6513988898855259
21.426779568891014,0.6519216218119408
21.482830590851087,0.6228785172021954
21.5685957351252,0.6556428527410486
21.60552724263848,0.6234053538416787
21.685096654832485,0.6561716141451965
21.82567707469866,0.628996397780622
21.893673141728428,0.6617657508233069
21.94689147462096,0.6295311927016511
22.00883497420966,0.6623020549410437
22.16190669762298,0.6351363657755932
22.212780172385287,0.66790956053622
22.281664621880793,0.63567894683629
22.326625117002767,0.6684532520894655
22.459952663915416,0.6721993216926507
22.560878236368602,0.643172625947184
22.67880109682005,0.643724420683409
22.68560339757321,0.6733007368221352
22.750976342787634,0.6751781645083733
22.863157666305277,0.6757342837517902
22.927803468982788,0.6776140815234637
22.949984410325595,0.6512393020335988
23.039435979903534,0.678174273300003
23.066114958936957,0.6518000569390359
23.10336215893069,0.680056406355389
23.19859051364819,0.6555659350053177
23.214448741727352,0.6806206361774205
23.27766275093494,0.682505070213586
23.313741221830607,0.6561324031547248
23.37902323371983,0.658018151028776
23.38820630076407,0.6830733039076067
23.450715528806185,0.6849600051138937
23.4935890600076,0.6585887605266111
23.560718950443544,0.6855322088188693
23.62227171810326,0.662365760764588
23.62253072070936,0.6874211438704267
23.7358753394477,0.6629419424501489
23.799289342828487,0.6648331429668013
23.841279552026734,0.6885759313112524
23.902050411010848,0.6904684634725242
23.91231755175089,0.6654133745964921
23.974996239062577,0.6673068242099032
24.010799063899608,0.6910509984571968
24.07088952121546,0.6929456818216815
24.087452308632294,0.667891070325344
24.179107146689176,0.6935320716825906
24.211005219235012,0.6716831777144396
24.23852431877011,0.695428874549115
24.322522720241782,0.6722728055079062
24.34621386616491,0.6960190867584959
24.383409773526527,0.6741714143187102
24.404964803779034,0.6979179778842997
24.494364568142466,0.6747649685363375
24.512129226670957,0.6985119802179793
24.57022091499449,0.7004129288124958
24.61438791757658,0.6785671940166912
24.67686317033706,0.7010106893479457
24.724421391009027,0.6791659983337777
24.734302529052496,0.7029136650666383
24.78357013762693,0.6810695680072186
24.8404255763431,0.7035151521809953
24.893050282315084,0.6816722130474597
24.897219459761104,0.7054201251192493
24.95151224419681,0.6835778367029759
25.002826260235594,0.7060253074873046
25.058981457439522,0.7079322481743772
25.060442326703782,0.6841842891249793
25.164074973294277,0.7085410947665384
25.17568711906047,0.6880002757123393
25.21959820830636,0.7104499741595646
25.283718967909838,0.6886118004012597
25.3241814019472,0.7110624542397901
25.34051374416761,0.6905221189478054
25.37907933391525,0.712973243717849
25.448004826759426,0.6911373684776618
25.58705110402278,0.7142077604213314
25.641005824305285,0.7161216542117641
25.670699347714237,0.6987903830655156
25.847610220596255,0.7173679680992515
25.882365673117175,0.7000381504578522
25.936603479209584,0.7019554916165871
25.953375702364195,0.7212024432965981
26.041816594893806,0.7025841656873207
26.055768772100468,0.7218314630966148
26.095424157388344,0.7045033425090749
26.10791370040863,0.7237507917468337
26.209811746283492,0.724383281510442
26.261366143662233,0.7263043684210372
26.30461760926462,0.705770173378214
26.357270475922675,0.7076923438324924
26.46125458861053,0.7083304552813735
26.46400052433281,0.7275785031451552
26.513293486086017,0.710254390613396
26.514659123656976,0.7295024615801455
26.71596157309089,0.7307879195350094
26.765736098989404,0.7327146871107175
26.823138528414177,0.7121861338994251
26.873920311829885,0.7141140927899589
26.965714432870143,0.7340113444831252
27.0146165067838,0.7359408599583775
27.181111085477223,0.716069916924971
27.230655847880257,0.7180017805156741
27.43387686272626,0.7193192371036632
27.482520822822718,0.7212538124149094
27.785007607452172,0.7232500934327525
27.83245016231125,0.7251883737362713
27.903031137444064,0.7418949062709118
27.948976824152698,0.7438344099384999
28.132329320454467,0.7272078187151232
28.178590109959174,0.7291496924831742
28.2410415828191,0.7458613215138862
28.285866010750855,0.7478042999905786
28.475878533469384,0.7311919766498829
28.520977028249447,0.7331373349251764
28.91356194244931,0.7358947115308385
28.957217598788247,0.7378444082856738
29.054604099077146,0.7533108799487429
29.096888799528028,0.7552619462116191
29.286740425449945,0.7566614226701768
29.434740073583114,0.7561144649938499
29.635066808479635,0.7427586108012886
29.676427590548485,0.7447152121125696
29.867862747861334,0.7461399877986795
30.018367427609085,0.74561291727018
30.279715512538154,0.7625427574543905
30.427260230943155,0.7620297333393924
30.870044185947506,0.7521555982816235
31.020020781922277,0.7516628678907865
31.257202260842952,0.7686495793252005
31.39342012066175,0.7546362445861692
31.404202278950727,0.7681701082933701
31.439684968232605,0.7701423275503183
31.530660842106435,0.7708916226924293
31.543237316117747,0.7541615104325362
31.636035998627587,0.7549130349745606
31.677400686030158,0.7704215618956181
31.78594872144841,0.7544466595902897
31.85864492889224,0.7719322147930486
31.97080519205626,0.7559620082889809
32.1207127212308,0.7555071779444953
32.2127669859723,0.7562709733808383
32.3627566751286,0.7558244986406718
32.446633449869424,0.7701276282012492
32.53661707487442,0.7708982976277937
32.54611045469213,0.7573642676724593
32.69607644594009,0.7569293148445005
32.787372587186724,0.7577052590683514
32.831435371507695,0.7700327438339082
32.92104284340175,0.7708115189594683
32.93740746649142,0.7572786560846927
33.02841339675133,0.7580596731054632
33.06859842305607,0.7703895018514841
33.157923884672236,0.7711732547395912
33.305537866395284,0.7707594470687376
33.328774703465356,0.7572283717517241
33.39457876093498,0.7715481596030369
33.41938081777189,0.7580175866236661
33.5422459253922,0.7711425605065261
33.56969841837246,0.7576128940865325
33.630999732974765,0.7719362143623912
33.66000678397776,0.758407136707997
33.77871487068588,0.7715388225485119
33.867179108725864,0.7723373991964738
33.96089639945937,0.7576196860128669
34.014937021104636,0.771948212946085
34.05079169697073,0.75842206321768
34.1031092446745,0.7727516936552998
34.20135487356285,0.7580393089705644
34.25090474505941,0.7723707108234308
34.29094512400084,0.7588466672287287
34.338782547237265,0.7731790766651817
34.44154305187169,0.7584722684126519
34.48661046191273,0.772806294682734
34.530825742288584,0.7592845879175101
34.57419147411522,0.7736195265339666
34.72204664332289,0.7732549424095192
34.89642593345371,0.7748928920332412
35.04418629599222,0.7745395370196749
35.13098195006963,0.7753642239851938
35.27875737464943,0.7750190512089689
35.365249053458506,0.7758485343446945
35.43671617045694,0.7571672106299863
35.51303444746686,0.775511539413293
35.52507146005172,0.7579999367584416
35.599219958976164,0.7763457988226553
35.74701024798678,0.7760169769313221
35.827876351777306,0.7573425259638052
35.8328874398991,0.7768559925433351
36.00348687473938,0.7590256622493275
36.27661935831702,0.7759095492691119
36.339396329170214,0.7747534290432685
36.45786091448239,0.7580976846936801
36.52239149297005,0.7569442704959891
36.636298653068856,0.7741527872127995
36.699754776959445,0.7730020276392092
36.848621828213275,0.7727117392396419
36.976593573746285,0.7704175544630623
37.12606186827438,0.7701369823649367
37.13092444820949,0.7557904577362066
37.19667611504533,0.7546471545033603
37.255289453577085,0.7678511881267206
37.34934904464059,0.7543743592391454
37.40535663140856,0.7675804040267339
37.53584784476338,0.7653031107885573
37.54857020803045,0.7509574276317149
37.686511371968344,0.7650421864693291
37.70211725788413,0.7506970007192133
37.818273891147854,0.7627735057341224
37.836452534167634,0.7484288379589483
38.120886774368905,0.7622768380532339
38.14488101989947,0.747933652423794
38.21286554437462,0.7468058821508876
38.25442035251718,0.7600215681928979
38.36748538486154,0.7465688201644739
38.406363521800294,0.7597859206419764
38.435930483441226,0.7454445073292809
38.473673771675855,0.7586622039464053
38.74596725608353,0.7449915442972603
38.81512775784903,0.7438731484317154
39.437296740660315,0.7430425958113511
39.52263127117112,0.743954769367644
39.83387928142083,0.743578408461542
39.84729131269249,0.7568042196411124
39.93057986738751,0.7577242739904906
40.083433993989985,0.7575476884954241
40.087605631999956,0.7463427141905291
40.16635350409518,0.7584722684126519
40.24282729191689,0.7461717105286869
40.31910962754579,0.7583040000679505
40.32681165239352,0.7470993488436984
40.48192861037926,0.7469367852960351
40.5661510512643,0.7610959533402504
40.648922048426115,0.7488027609612868
40.71846376492939,0.7609417897941029
40.80375238722266,0.7486515645918634
40.9695601863203,0.7505297315870098
41.044354519615844,0.7646977377087703
41.1240952118189,0.7503898550057627
41.196039160222966,0.764560453173202
41.28871619197911,0.7522800984747278
41.44294739426064,0.752151493528763
41.60638065025865,0.754053698696902
41.76029970389787,0.7539363164961499
42.56335175318987,0.7635664238180019
42.71547554199213,0.7634828556465579
42.774599817942395,0.783756403332265
42.922825234837184,0.7836802409955156
43.030286561268774,0.7673873114807215
43.18169703554817,0.7673202540927568
43.22853025996592,0.787599557394554
43.33752851324372,0.7692866254735424
43.376070102504215,0.787539448158574
43.48858868062129,0.7692304367409907
43.75304165985163,0.7924831326824859
43.79711577185319,0.773191055961809
43.89970417301332,0.7924415757383247
43.9474400583059,0.7731511242512393
44.12309225856935,0.7954320077512737
44.25205581071142,0.7771447329333622
44.2692261145913,0.7954035435071573
44.401632412702654,0.7771208960470936
44.552385829139446,0.7791312192977492
44.70158718000512,0.7791180104376165
44.782697200524474,0.8024458592307477
44.851180128143014,0.7811390037854866
44.927565424793144,0.8024407292243597
45.0,0.7811363688215758
45.144321557522666,0.8054860317391124
45.22236284030565,0.7841856629189882
45.28864128368905,0.8054936976441832
45.37060142605179,0.7841961617379895
45.43186955600605,0.8075353418426201
45.51749619413862,0.786240752365625
45.57581759324498,0.8075531834495209
45.66534043464392,0.786261694980919
45.71795464490641,0.8096048880257499
45.81108297856555,0.7883165942852463
45.86152573456726,0.8096328529936684
45.93213944681568,0.8106630701485029
45.958527213134985,0.7883479252818487
46.07551407577425,0.8106986153014899
46.103120022851456,0.7904130251727701
46.1457628381751,0.8117325511436223
46.25015875892026,0.7904546887648765
46.288937560186895,0.8117756560484963
46.358821107608264,0.8128132864107216
46.393604511725925,0.7925298816399954
46.501792522359345,0.8128639304030579
46.54023242348898,0.7925818216921294
46.57131062586149,0.8139052311182116
46.71407537911661,0.8139633933069566
46.75340486007154,0.7957114208000118
46.7832278456101,0.8150083402110119
46.899419012634205,0.7957760857629552
46.925782629344546,0.8150739994830966
47.04020829108765,0.7978735542197739
47.06317934465091,0.8171723106352567
47.1858008067756,0.7979483618385548
47.20533160861804,0.8172478702607481
47.325454420775294,0.8000555713494346
47.341645462199146,0.8193556866933158
47.4706205139935,0.8001404645696347
47.48339076032007,0.8194410922393026
47.55109508900094,0.8204991315863035
47.692619489196616,0.8205919429809317
47.827124578161275,0.8227162099706203
47.8839991118405,0.8065049575035396
47.96823402987172,0.8228187772873601
48.02793710179779,0.8066095862224986
48.035035411237494,0.8238849702697159
48.163883618880746,0.8087451294796012
48.175917275541075,0.8239948858835541
48.24235447590813,0.8250645483962856
48.30738416991643,0.8088596471095114
48.38300579133062,0.8251817898887273
48.442215285897376,0.8110044931000214
48.58527426874804,0.8111288419545138
48.64627120875684,0.8294807810585977
48.65222278030633,0.8122053121912489
48.786112035381585,0.8296122845790866
48.795036529786486,0.812337078552622
48.851310104117786,0.8306920582004049
48.861607409675074,0.8134170106231324
48.99091309842978,0.8308308021214978
49.00417294070939,0.8135561706658453
49.05574930421993,0.8319139424633992
49.07036637322481,0.8146395398497358
49.35494307248932,0.8149376243094899
49.42055729120265,0.8160267263950286
49.473685767715054,0.8323665865129725
49.53777250790665,0.8334576092467476
49.5625631909619,0.8161856162431386
49.627799977538444,0.8172780921549495
49.769546645823596,0.8174442926006124
49.815744537394465,0.8337884639808334
49.879273783006724,0.8348850246310807
49.899092453787766,0.8196369889834938
50.04037385568841,0.8198127538991518
50.10468396958503,0.8209129392975123
50.245700285112534,0.8210959513172261
50.29521293661711,0.8354247580983095
50.30963474345356,0.8221994264157338
50.35798690300257,0.836529015806531
50.45038333424953,0.8223896605499716
50.513942545824975,0.8234964009555654
50.63457658885106,0.8369176826210977
50.654420822640695,0.8236938320672201
50.69679025183241,0.838027341406096
50.731681020063476,0.8227850065339805
50.972719844858084,0.8384398628011726
51.01270174407993,0.823200165505663
51.03437250169711,0.8395548645633747
51.075440096186576,0.8243158055337315
51.17203492492194,0.8397705794226588
51.233325241379916,0.840888712149412
51.370716931894016,0.8411114262033388
51.49241184343873,0.8433548566877404
51.62933133943125,0.8435866793194514
51.68973725778052,0.844711944024574
51.775656169399014,0.825451132775475
51.82638133425505,0.8449507022435516
51.837187939894385,0.8265786753841654
51.88642733143199,0.8460790182677254
51.97678532187339,0.8268226698899456
52.022793835573204,0.846324686875345
52.03794076318467,0.8279533166319918
52.08248051446452,0.8474560310860431
52.177245850855016,0.8282043618477799
52.21856733815066,0.847708584776371
52.23802562940245,0.8293380885622682
52.277895326625796,0.8488429341117628
52.37703620178968,0.8295961579103208
52.41370040621252,0.8491023474756103
52.47267035669256,0.8502396789464436
52.49768066239981,0.8318706439276182
52.60819167278752,0.8505059264753854
52.63618545553723,0.8321378217969072
52.66680426181418,0.851646217166826
52.69605172201657,0.8332785472562324
52.80203983904281,0.8519192732571806
52.834257584874855,0.8335526817013336
52.86029576684755,0.8530625003306056
52.89375121828143,0.8346964053489697
52.99524367361022,0.8533423392873808
53.05314366368378,0.8544884799821304
53.16946736308614,0.835263367522095
53.18780201190451,0.8547750760229285
53.228379752650845,0.8364121344606579
53.245346810567,0.8559241076580134
53.379713755434246,0.856217434916899
53.43690413140591,0.8573693348926638
53.503295503212925,0.8370025257352256
53.56162694011445,0.8381562761523096
53.57097787110542,0.8576693674239932
53.62781461507831,0.8588241132237368
53.69872762932867,0.8384607290251974
53.75668876978806,0.8396173785494653
53.89347891004224,0.8399286534247483
53.895275953169424,0.8594422171238215
53.95107064167976,0.8410881785919789
54.00769134706282,0.8617621293741208
54.08754842044279,0.8414062480552924
54.14087508618385,0.862082121308424
54.14477165378429,0.8425686254948002
54.19665589162891,0.8632452703328588
54.280935304657255,0.8428934620610037
54.39448982513983,0.8452247037828089
54.46232220802562,0.8639030973311075
54.51755236203251,0.8650709358592368
54.53012783259995,0.8455582568685772
54.65003174106112,0.8654087315473498
54.69866173771009,0.8490671979707041
54.70491258851209,0.8665792913559258
54.833563964207116,0.8494113580826665
54.88922403772945,0.8505845745689148
54.96915626793805,0.8672725624973826
55.02348819990225,0.8684477202727857
55.02380736444014,0.8509353775007096
55.079105560163505,0.8521113266560114
55.21336845254139,0.8524687447765097
55.26830579801024,0.8536474039276881
55.286902285352376,0.8691631824307168
55.34068619272782,0.8703428821430034
55.40224676510433,0.8540114095581675
55.45682430732993,0.8551927561349094
55.47202834386164,0.8707093637241639
55.525466030089625,0.8718916927917638
55.65649616667112,0.8722646027192162
55.70958864616773,0.8734495395371803
55.72394307418824,0.8559385359390703
55.77795352260868,0.8571244305311162
55.84030545433057,0.8738288510532333
55.89305375858441,0.8750163741166589
56.02345596374314,0.8754020604300874
56.04418401089905,0.8578925235514305
56.0758611409068,0.8765921483352134
56.097628565584635,0.8590829085081889
56.33591695274355,0.8773807336058295
56.38777995262903,0.8785751694864147
56.49544082514389,0.8602752351574319
56.54811217160039,0.8614718846877848
56.64696258387802,0.8793853825315132
56.680260148566326,0.8618803491872175
56.69828472496859,0.8805841114641751
56.73257693905836,0.8630795428440419
56.99607667185545,0.8639138186212765
57.0478317971575,0.8651173311079096
57.08554997769989,0.8818383972855967
57.136132502349625,0.8830431198062678
57.310400458851326,0.8659734122387608
57.36159552953946,0.8671811868926793
57.393289499179424,0.8839051255370182
57.443334207893244,0.8851140113444398
57.6232232826682,0.8680589440896401
57.673860005623126,0.8692709245268994
57.69958448959737,0.8859972336209211
57.74909301403416,0.88721022859818
58.00442771297011,0.8881145421775105
58.05340177079009,0.8893315924840157
58.06467273195549,0.870626623303036
58.11454498833195,0.8718444776304877
58.307812330496894,0.8902568714030488
58.356253723047445,0.8914779234849326
58.3739873797947,0.8727741458301882
58.42330524594996,0.8739960727703656
58.55261022038787,0.8744693016923707
58.60158306620212,0.8756935641359945
58.73054015972683,0.8761729237263599
58.77916934551087,0.8773995008070767
58.86266824166205,0.893387588082406
58.91018035008783,0.8946158707604559
59.03624346792648,0.8783748427262158
59.08432383105714,0.8796053692976699
59.162168055312755,0.8956000418741569
59.20915201699332,0.8968321795628532
59.71064936380833,0.8988587091277338
59.75671010092862,0.9000978196648238
60.10513009407032,0.8836955258573619
60.151426474495516,0.8849395869980812
60.278147552104315,0.8854720549621925
60.324108169431234,0.8867182660876195
60.37935536516908,0.9027351149538779
60.42429866269684,0.9039825733921742
60.450470583801135,0.8872566260748602
60.496096927595296,0.8885049672830544
60.67193082352599,0.9050702728222344
60.71635495194209,0.9063213302080763
60.8736416747997,0.8901505132706338
60.918525910937234,0.8914040379119852
60.962992884249516,0.9074289089136226
61.00690031781287,0.9086835143180859
61.25253835366616,0.909810840629937
61.29404745659892,0.8930926410618545
61.29593162837347,0.9110689434980913
61.33819347073664,0.8943512476681403
61.46284605083365,0.8949241154828169
61.50666454449499,0.8961847433637075
61.755082009019844,0.8973461222326441
61.7983717813053,0.8986102238839774
62.045737164725516,0.8997913473184527
62.08850106283549,0.9010588713894787
62.14942478553766,0.9151556727805992
62.19132821565838,0.9164244059469886
62.43337638726624,0.9176319468711819
62.474774256255664,0.9189039807994367
62.580458650067555,0.903476962234612
62.59536386241567,0.9195152750974862
62.62229722866828,0.9047506976981752
62.636453072608305,0.9207891779481949
62.75668785312477,0.9214059230614611
62.79746993252501,0.9226816770805092
63.03706786108742,0.9239300510246249
63.07735151360353,0.9252089985356824
63.43494882292201,0.9271157865266109
63.47454507060109,0.9283992134684264
63.8300858654295,0.9303459235940057
63.86899945506142,0.9316337379286034
64.07959986962237,0.9124166776886183
64.11892493431596,0.9137072356235992
64.35899417569472,0.9150443359372541
64.39781244855823,0.9163379316906564
64.5744265586788,0.935641646122452
64.6538240580533,0.9350265863841584
64.87504218471818,0.919065240749146
64.91296387555225,0.9203643668535156
65.00430362767099,0.9370913229658736
65.08385790447282,0.9364860068475734
65.26842562487829,0.9224552284467337
65.34941527737533,0.921855931101317
65.46755759956858,0.9225634399005582
65.50450038622114,0.9238687863315145
65.6646009432563,0.9400179089646776
65.74432693155295,0.9394276245954555
65.9744694827083,0.9267427383243835
66.05553423323033,0.9261595496944843
66.63890163339002,0.9298524341532386
66.72010598191375,0.9292844865752194
66.77859157457004,0.9460495364006687
66.85848834723927,0.9454847875005234
67.18345286927527,0.9323183730929678
67.2000021979826,0.9477678247237857
67.26477002348314,0.9317629737178398
67.28000271854232,0.9472127922539625
67.72508245491326,0.934868079688775
67.806495491606,0.9343252107815023
67.84551174801173,0.9511052842452683
67.92560259848639,0.9505651924947163
68.49116216397455,0.9391109742383906
68.57264223291087,0.938585910181097
68.93168148237933,0.9578259007854505
69.01180747284585,0.9573111015082604
69.02514837601233,0.9418608461295046
69.10668419797426,0.9413482485368594
69.1226358664209,0.9581385143457943
69.20283772083616,0.9576281818152159
69.42389674534829,0.9592989117705357
69.44395478041653,0.9438506656117827
69.50416048103854,0.9587956370758896
69.60721924898667,0.9428470029289415
69.72442139100902,0.9604857659462911
69.80474204649869,0.9599895456486683
69.83101371394967,0.9445438785199476
69.91274649942669,0.9440501799771747
70.02419602451894,0.9616989789204646
70.10456866523435,0.9612098089614168
70.13570259659,0.9457666600301624
70.21748732227728,0.9452801323987061
70.43223141871053,0.96380801615394
70.43959606421649,0.9470161176081656
70.51263285750801,0.9633284636854008
70.52142757581045,0.9465367558158669
70.62144130650827,0.9642040811098649
70.70190322873371,0.9637289972037009
70.74268019707982,0.9482921458098282
70.82455337271236,0.9478199441471298
70.93485041863923,0.9487055362582538
71.0167829407738,0.9482378817174367
71.02707844696573,0.9663843290259652
71.10755585004537,0.9659188410866614
71.12685108235074,0.9491295896481371
71.20884097279267,0.9486664834497963
71.31867810618192,0.9495642916940108
71.40072338813262,0.9491057348968875
71.53823986433537,0.9695176078523277
71.61869889502658,0.9690642449348036
71.6197227058222,0.9509169904921545
71.70179502129606,0.9504655829529784
71.8327865157802,0.9708891463730389
71.91326808358453,0.9704427871018496
72.02864327410221,0.9532161676518853
72.11070877049372,0.9527744906331918
72.12649441474588,0.9722862706858344
72.20699383308255,0.97184690680934
72.32749753117014,0.9546305325806653
72.40957829654144,0.9541959814845753
72.41935176942424,0.9737088706555458
72.49986438905734,0.9732764933572007
72.60570775760343,0.9742150049849362
72.62545946469137,0.9560707924664751
72.68626066524783,0.9737870797790658
72.70755060012232,0.955643357728822
72.79186824413387,0.9747314346928735
72.81514018702842,0.9565884109120285
72.87245960908702,0.9743079614083628
72.89727103094764,0.9561655128341507
73.00461367059164,0.957116501932264
73.08299413902016,0.9762116174503849
73.08678228972626,0.9566981401631859
73.16358826975396,0.9757951145338174
73.19387611760374,0.9576550482021355
73.26851278712914,0.9767543861665818
73.2760805825564,0.957241222235091
73.34914064923774,0.9763423310893962
73.45382342923548,0.9773073838063144
73.48955206390308,0.9591701672647069
73.53448320857356,0.9768997758737656
73.57175284563297,0.9587634356750255
73.6389225446537,0.9778705930158431
73.71961243119023,0.9774674313876032
73.82380663839162,0.9784439961613022
73.89023141207508,0.9616893477782467
73.90452482642469,0.9780452798520481
73.97238388971095,0.9612922467199162
74.00847224148293,0.9790275753313422
74.07807154790333,0.9622766710502453
74.08921692985228,0.9786333032113667
74.16025077623705,0.9618840921335936
74.19291591131203,0.9796213123398058
74.26568051447329,0.962874324281763
74.34788460228262,0.9624862661314385
74.35451886885393,0.9788436014384209
74.4530547228059,0.9634822882496121
74.56112381437136,0.9808391857695826
74.6175741934515,0.9627171956124962
74.72243876792426,0.9637215221027089
74.88712846460238,0.962969444144826
74.9916831543779,0.9639820485618338
75.04693931377375,0.9785828249121172
75.14966170101577,0.9796003012443946
75.15653559478181,0.9632429949796966
75.26077610933794,0.9642638503683688
75.31200187074033,0.9788688341895678
75.41441752492985,0.9798944155824518
75.42578380196126,0.9635378299737749
75.52970589993411,0.9645669088752988
75.69486134608219,0.963853929595113
75.79846083627501,0.9648912040533487
75.82107790256165,0.9781126206608758
75.92303459187052,0.9791537088796097
75.96375653207353,0.9641912729295811
76.00449294861015,0.9788057510920538
76.06702927444033,0.9652367144975618
76.10618182699513,0.9798524046534587
76.23245771283977,0.9645498376877398
76.3353996194431,0.9656034174343157
76.35074666945295,0.9788278306386405
76.41814756407037,0.965265501452109
76.4520610119995,0.9798849632804659
76.52080993625128,0.9663246909236314
76.6863676878566,0.9656599028904038
76.69697212592042,0.9788856556623187
76.7886927502861,0.9667271767165058
76.79790461053899,0.9799532278573239
76.9543629370514,0.9660754490200396
76.96134341697703,0.9793018950395691
77.05634675213749,0.9671507770291741
77.06194368281355,0.9803774118733731
77.14368743247138,0.9800571909228812
77.22212188314631,0.9665121125679147
77.2440095817033,0.9811381733378677
77.32376056860353,0.9675954641306764
77.32574877139399,0.9808223978006079
77.40667004389688,0.9672816511598377
77.42579152419133,0.9819088263918035
77.50752442263892,0.9815974924943248
77.50802068334232,0.9683705183213417
77.59092288873772,0.968061208961829
77.60728652305397,0.9826893477633802
77.68901140754618,0.9823824515997248
77.69198418257209,0.9691555716177649
77.78849162352402,0.9834797139571481
77.85782246660001,0.9685479811445953
77.95197206300979,0.9828767900750824
77.95853029169098,0.9696502852251897
78.04146376708881,0.9693520010172325
78.05110762698816,0.983981868318389
78.14187876702775,0.9704597546275733
78.21466281225983,0.9833918105809931
78.31345022124749,0.9845046734199465
78.39078875299603,0.9695844795175416
78.47707304426837,0.9839274806404611
78.490778661791,0.9707025698395603
78.57550885070482,0.9850480963812572
78.7391922177261,0.9844837665464377
78.82308128472924,0.9695738652754492
78.83727303012108,0.9856121030989912
78.92257086228146,0.9707046902288831
79.08294671350964,0.9847879178029995
79.08887161571661,0.970157476140951
79.18060159802123,0.9859263445758258
79.18799050213836,0.9712960980443909
79.35433665503969,0.9707619389899048
79.42647658143909,0.9851274946294549
79.45308143786991,0.9719083238209356
79.52369906918908,0.9862759640429837
79.53625122208044,0.9716467451281225
79.63469105056386,0.9727984347524066
79.68769508562222,0.9857582743862714
79.78455007215558,0.986914352034619
79.96752016605163,0.9717823088678373
80.0306487310596,0.9861601337115098
80.0654323641337,0.9729465311118156
80.12706050628485,0.9873261643190373
80.48205083905125,0.971734651896253
80.57934744245537,0.9729137402897137
80.61992048120291,0.9858866784186539
80.7156569408249,0.9870697140649233
80.88010605719793,0.9866108563129667
80.913063356648,0.9719909129936422
80.97545937377727,0.9878013594303009
81.00980876900361,0.9731823809164217
81.2221826138628,0.9871353966958188
81.26026391277821,0.972519105971173
81.31707110710708,0.9883356808310041
81.35652973818141,0.9737204967335535
81.44000824257638,0.9735059203865443
81.48157729798525,0.9879065800586798
81.53595433603732,0.9747124298609299
81.57607571119331,0.9891142520831511
81.78635876386387,0.9740882319298754
81.88181688418115,0.9753045730325185
81.90518553679163,0.9882898634210127
81.99912719390689,0.9895095482747255
82.13228281187716,0.9747060948346028
82.16371958049473,0.9891142520831511
82.22724714640806,0.9759322110667941
82.25726333236203,0.9903412350382268
82.39422042561816,0.9755482922227302
82.48877273210492,0.9767817800847778
82.50414236027014,0.9897705652319875
82.59720057944617,0.9910071203774494
82.73921191586459,0.9762284847098555
82.76177137259752,0.9906415102019102
82.83326089895141,0.9774716428121737
82.85442542467041,0.9918852800254573
83.08371052195749,0.9769440206203981
83.1012447526793,0.9913591004462118
83.17725074062407,0.9781967901527305
83.19340438949779,0.9926123390980529
83.60489218830605,0.9917877451287561
83.69637224371048,0.9930549515783841
83.92932412604364,0.9767470107496448
84.02178876133011,0.9780231826388388
84.10806562521756,0.9922929550737449
84.19885326337904,0.9935740183450489
84.44588481336962,0.9931482170952597
84.53615718676336,0.9944385275405226
84.85891200737632,0.9766332115437152
84.86547256496553,0.9939085224583003
84.95016101122165,0.9779347887929613
84.9551290389729,0.9952102562715399
85.11766139746587,0.9776864014104564
85.2084669742429,0.9789949881900174
85.28439644109962,0.9947220470718705
85.37342929062848,0.996035116519005
85.37584867157094,0.9787594875698111
85.46620885401543,0.9800750420570179
85.7026133360583,0.9955886604749603
85.79101507582979,0.996912976397566
86.13567062098869,0.9792346360157387
86.22495878075033,0.9805705437755496
86.55967288048527,0.9802094401573043
86.64829234787743,0.981556602930391
86.98280953113517,0.9812378156155508
87.07075320944581,0.9825961368802975
87.48863673283692,0.9822556849354168
87.52121089142167,0.9951554481077763
87.57578688946539,0.983627248392718
87.6071880308352,0.9965278460456102
87.74279467577401,0.9835100597268963
87.74608166653584,0.9849436152506725
87.83263515080132,0.9863218750042387
87.85447564510301,0.9963574325803978
87.93988897627688,0.9977384918905571
88.35165549510387,0.9975063847099814
88.43627944173338,0.9989002793340271
88.8325620047379,0.9858209125889772
88.9175050761762,0.987227136547478
88.99930212214117,0.9857666263765991
90.24696303742624,0.9985375592084226
90.32881004601458,0.9999794170920446
90.33359611105556,0.9856329860386527
90.41638641598304,0.9870770123508593
90.49320830108346,1.0
90.57623122742618,0.9985787840398089
91.15234591156637,0.9987302706774718
91.23640760285615,0.9973258195569533
91.49867560602418,0.9873887030575683
91.58419560884974,0.9859931471282471
91.83417253944492,0.9861215205775766
91.9146981697562,0.9876023472006928
92.1642176073772,0.9877555172356113
92.25064089703754,0.9863771740066537
92.33390743215708,0.9864345564861629
92.42068347893792,0.9850606333722263
93.00401997869507,0.9855358766140818
93.04740207753626,0.9985056087934205
93.0918040056702,0.9841795212948471
93.13410325047202,0.9971503820993016
94.34113453417649,0.9855745126925504
94.494357652632,0.9886563432479495
94.57723602874376,0.988769799514627
94.666858371439,0.9874554066796748
95.18698499722544,0.999752977136324
95.24713890161644,0.9883231853843819
95.27641838925544,0.9984551044393009
95.33768690776142,0.9870269658778767
95.58634341283914,0.9874366467413962
95.67741666204533,0.9861496978784589
95.76035064085129,0.9862926591852545
95.93152692491977,0.9995759065321415
95.94340013176243,0.9837308231789277
96.02193565025979,0.9982984216153802
96.02649818089033,0.9838804119540707
96.10069309783766,0.9854585999128245
96.10380935693395,0.9984499507901392
96.19261762404757,0.9841857953424399
96.19454025282342,0.9971772157097827
96.44160009933505,0.984659370487277
96.52214025945183,0.9978127547852654
96.53403849618026,0.983395996634222
96.61346048231475,0.9965515983356789
96.8591445703982,0.9970564587755422
96.86599560211795,0.9840655357995046
96.95095894086255,0.9958046792495944
96.95903229898838,0.9828139642330757
97.11478130443884,0.9961559972633393
97.18632802107238,0.9977580895801774
97.20796349256524,0.9833447162542699
97.2680511646698,0.9979385765190733
97.30150215633003,0.9821027050285958
97.36029496373513,0.9966982303738704
97.5504208750955,0.982658976648994
97.6222371728119,0.984270491070652
97.85049930563879,0.9978375078552951
97.94347181059041,0.9966135581669359
98.20086696969307,0.9856528244215166
98.26996158698117,0.9974228129026055
98.29542360046642,0.9844388152648763
98.36348509400788,0.9962107503802562
98.625646575043,0.9852831384161633
98.68975028913958,0.9970616196274371
98.72075956880265,0.984081222660283
98.78381556240066,0.9958615185075123
98.96828701182108,0.9847429804052524
99.06386877404312,0.9835508680789722
99.14638128925782,0.9837778990223676
99.24227228846645,0.9825909000515018
99.27260177720031,0.9972123047263043
99.36734941871357,0.9960289171110202
99.40733587220691,0.9830558216968532
99.503611496708,0.9818763348752907
99.58616015534429,0.9821142317420236
99.61145901618252,0.9967384987775386
99.68274248927072,0.9809399075498766
99.70665240933971,0.9955648852110206
99.84786837776159,0.9814265837668501
99.94483059990957,0.9802598346943054
100.19242847140315,0.9810122949419334
100.27535816487814,0.9973072452869876
100.28983971701042,0.9798555555356123
100.37127204967383,0.996152897940311
100.37235913922473,0.9801128433854563
100.47007174799194,0.9789613487127898
100.53352674860582,0.996673449009102
100.55261857434695,0.9792230754057708
100.62979971293176,0.9955266368558711
100.65063154607627,0.9780768464334759
100.7109308898192,0.9957922775258075
100.80749297304119,0.9946506574308256
100.81573156596595,0.9786112192758283
100.91411300581078,0.9774726956654812
100.96975796680059,0.9951926766232997
101.06667418680468,0.9940586502360353
101.16162621460838,0.9782967320186219
101.22889182153874,0.9946134086274502
101.26044001914335,0.9771683738504134
101.32615897585575,0.9934870081097477
101.4072638291716,0.9937697635202707
101.42534827664187,0.9777327157080754
101.50481532625882,0.9926486262349602
101.52452240514961,0.9766121361615042
101.58593721119621,0.9929357662250272
101.68377197138207,0.9918199119525566
101.76490924822151,0.9921114410724011
101.77171920080139,0.9774811184511158
101.86302616860613,0.9910008895158108
101.87131407784108,0.9763707906101144
102.02527960963533,0.9915947222729725
102.0359921955531,0.9769650888430985
102.12373824778939,0.9904919035059738
102.20485198709859,0.990794210403045
102.23611150941635,0.9747631085893687
102.30358961002727,0.9896967387321957
102.38471300002324,0.9900034465560719
102.48372842694022,0.9889113413747097
102.5653483799073,0.975995479894495
102.64593997774968,0.9895355490669194
102.66598808432718,0.9749087952590062
102.74528947313286,0.9884512562239466
102.82637518227277,0.9887687586906165
102.91254024930738,0.9758615560281427
102.92599912470595,0.98768987584352
103.0135784391602,0.9747852797045495
103.09571201918443,0.9751093427404883
103.16910851114291,0.9886615479487765
103.26911537755082,0.987592968671711
103.40033360976257,0.9719062060575573
103.43102887068167,0.9882554989695244
103.53135893753776,0.9871948200723796
103.56476826774393,0.97257518977632
103.61228666370248,0.9875314849981501
103.66686318746629,0.9715185776375734
103.71288447702511,0.9864762871020074
103.83117712983389,0.972200530922266
103.8746766645509,0.9871604175008828
103.93359975918648,0.971151988830238
103.97559164212028,0.9861131715930631
104.05645361859202,0.9864606383279423
104.09778563492826,0.97184690680934
104.20053199118773,0.9708064634700238
104.25902551049666,0.9843802709836276
104.33992850134224,0.9847346197329093
104.36458244969721,0.9715143404070177
104.44158357155402,0.9837015304060138
104.46764849912984,0.9704820240548905
104.54963277012234,0.9708414455576125
104.60330937253165,0.9844210432618233
104.65296646819918,0.9698147799591764
104.70527205613001,0.983395996634222
104.8168475946194,0.970544587806675
104.8668525182508,0.9841282817423399
104.92049433401993,0.9695260997480168
104.9691188512627,0.9831113044114336
105.00238856953553,0.9698964863259617
105.04986346207266,0.983482853218129
105.1062988312008,0.9688836901181151
105.15238560193508,0.9824714927814285
105.18817572227444,0.9692585692941755
105.23311289969234,0.9828474718485778
105.29234792427258,0.9682514831165081
105.33588932424767,0.9818417459503919
105.37420562850812,0.968630856833017
105.47863816541836,0.9676294987410557
105.49724310680664,0.9826045157483178
105.56047483448219,0.9680133687940806
105.60031406962294,0.9816069283056537
105.6651660774841,0.9670177567172918
105.74697985731844,0.9674061247558814
105.76149834339914,0.9823824515997248
105.85192815428697,0.9664162764954587
105.8648597176999,0.9813930276380929
105.93371718532572,0.9668091440209111
105.94539590092286,0.9817861914905092
106.03892086093194,0.9658250772475719
106.0490047925332,0.980802461714229
106.12068327831925,0.9662224456127217
106.12951506474376,0.9812000576273521
106.22614063413694,0.9652441778645117
106.23336985071643,0.9802220390344468
106.30787456794813,0.9656460482730401
106.31385242626057,0.9806240681680858
106.413583882566,0.964673596953147
106.41795146204323,0.9796517776277103
106.4952874580311,0.9650799704589125
106.49840455072038,0.9800582409985957
106.60124698717081,0.9641133528334912
106.60274617026518,0.9790916952489914
106.68291832490047,0.964524230339881
106.68316797753754,0.9795025937301667
106.78775049341574,0.9785418093766268
106.8681392206196,0.9789571436968595
106.89554592248743,0.9626060142593463
106.97296092414179,0.9780021372097042
107.05331476870096,0.9784219079529192
107.05881935901594,0.9634438344110415
107.15837393004219,0.9774726956654812
107.1655188392728,0.9624948200632252
107.23869108568354,0.9778969032702145
107.24708214470338,0.9629192134778476
107.34398595401396,0.976953501376838
107.35402463626133,0.961976100475663
107.4242646109849,0.9773821461357103
107.43554814480413,0.9624049999875678
107.52979341460549,0.9764445706897609
107.6100317598934,0.9768776527489746
107.65012421993013,0.9605339810324292
107.71579270637694,0.9759459196608626
107.73163652585899,0.9609699498165334
107.79598892393038,0.9763834390197187
107.83926747453901,0.9600420735393634
107.90198020026777,0.9754575640549362
107.92073503797955,0.9604825515211588
107.98213247121964,0.975899520565374
108.08835224397127,0.9749795193425451
108.13667722745495,0.9586421340214186
108.1684587468636,0.9754259127087039
108.21812571599077,0.9590896931724637
108.274905162316,0.9745118006976509
108.32643421874312,0.9581771810989993
108.3549640733265,0.974962630475454
108.40783298040641,0.9586292515283407
108.46163525765414,0.9740544229952776
108.51637337186784,0.9577227481545151
108.54164475082429,0.9745096885920389
108.59772048591515,0.9581793292062035
108.64853881025645,0.973607400809215
108.72849705772121,0.9740671014832685
108.81546548324123,0.9563818275801534
108.89678246767981,0.9568455018071851
109.0504332876093,0.9713882743437698
109.13038164847103,0.9718574962261748
109.33480853782642,0.9533025353170765
109.34603035220833,0.9700938265628823
109.41613170919871,0.9537784966863024
109.42594108145002,0.9705700363145023
109.52616504818461,0.9529040992433951
109.60742602830234,0.9533845773519384
109.7176795103027,0.9525163009439229
109.85965573046197,0.9670943786511533
109.87999043408088,0.9534881993057684
109.93955767329622,0.9675827008431406
109.99047859848218,0.9526286598689011
110.07152586453873,0.9531200744278833
110.2931296157347,0.9514168609856254
110.37412238214536,0.9519153878676468
110.37643521383639,0.9641731277162569
110.45631376327802,0.964673596953147
110.48523479366628,0.9510717403862222
110.5661556446617,0.9515747741145728
110.67593159286157,0.9629950928365631
110.67747727975822,0.9507373191638909
110.7557508573905,0.9635025827123407
110.75832427154641,0.9512448572787742
110.86585715996242,0.9626712279561708
110.89631309752322,0.9613307866233571
111.22831160542599,0.9588611099226717
111.3081783590194,0.9593815137286703
111.31791227546155,0.9471247826822591
111.39871876311318,0.9476472875783706
111.96317015061608,0.943631478270858
111.99579645728028,0.9423010857075987
112.08948639716345,0.9537633904520578
112.16930027881749,0.9543038289992269
112.2816646218808,0.953518420254435
112.36138950068566,0.9540633123220624
113.37210839477807,0.9330554500714447
113.45292846155658,0.9336255128785904
113.4951026490894,0.9464388970479182
113.57470620191262,0.947011770745851
113.80119380616543,0.9314072559177379
113.88189165111903,0.9319871608144059
113.99833804201842,0.9312580791480367
114.23979659300181,0.9330168452239116
114.26353032479439,0.9426330410546784
114.34298044975856,0.9432235015882935
114.573975236911,0.9417996551143312
114.59011716619602,0.9308767410146721
114.65329964773224,0.9423971900698983
114.67036139866094,0.9314746538809241
114.76904397601464,0.9416936541259252
114.84825296578812,0.9422956249381907
114.90476880809518,0.9300726557391296
114.98487870427799,0.9306777199609994
115.19647037012486,0.9402160474987813
115.27552766762416,0.9408277146681799
115.50848649788338,0.9394659660091503
115.66621432711167,0.9407051942511658
117.0773106593804,0.9329274964502594
117.15570839172466,0.9335814198629392
117.24568180890691,0.9181981355203394
117.2743162050725,0.9329616926706819
117.35257243274889,0.9336200013655167
117.48394235150043,0.9201764931135401
117.59019315947094,0.9323978465327101
117.66827233219921,0.9330631708492815
117.8460850156,0.9183628812762957
117.92517028836593,0.9190338868638789
118.02575726650257,0.9312680250094523
118.10361748400565,0.931942990283412
118.2886168298505,0.9172651392891973
118.36747041508126,0.9179459163862332
118.48888867370368,0.9173672319687408
118.56758430890488,0.9180524173615423
118.58223166996702,0.929616661787637
118.65982217148648,0.9303038876102256
118.89993680361657,0.9291704123675361
118.93262421749259,0.9163491625746364
118.97608092368924,0.9150938206510909
118.97732825568622,0.9298646085675286
119.09756089078329,0.9293066352833299
119.09825469212001,0.9145358379341367
119.17479285194334,0.9300051561724055
119.25509056650212,0.9159346517433095
119.65697069540514,0.9278248304014044
119.73390088705116,0.9285355495247122
119.74488129694222,0.9137658028459927
119.82292570413085,0.9144784454078968
120.33951151237096,0.9259161681519017
120.41607059510147,0.9266416785911465
120.53754711782867,0.9261328808651512
120.61393265267293,0.9268626630494684
120.68517308959512,0.9108633348297703
120.7354877019201,0.9263606523866369
120.76271953423893,0.9115963096216859
120.81169802624575,0.9270946955431328
120.88639257758702,0.9110994419306118
121.11810901296414,0.9133163158924184
121.17697748110689,0.9256215798033912
121.25289612559486,0.9263650961519688
121.496937706387,0.9254091957084136
121.57261543535039,0.9261595496944843
121.93942854940238,0.9247650736246036
121.98651418867242,0.9235479157624673
122.23203419466795,0.9226426381777807
122.30733445488211,0.923408614323911
122.4302081923213,0.9229649385007733
122.47803194457188,0.9217543355861783
122.61009087817449,0.9077826859173629
122.68630199409148,0.9085566592111031
122.72449973857887,0.9208830571109355
122.79953127261923,0.921659428560699
123.31279611610253,0.9064473627945258
123.36266663513541,0.9052487763458803
123.5412476541228,0.9191637745686055
123.59072513829348,0.9179683386710112
123.61444621549535,0.9044389747857203
123.66482709610901,0.9032445595118104
123.96361300603365,0.9167836920950145
124.01376905090001,0.9155941407476779
124.38815388006108,0.9144536867355085
124.42393976106,0.900930942699303
124.43898930880363,0.9132701154757981
124.49913331559364,0.9017427533436075
124.56417245249682,0.912900427970214
124.61532267990899,0.9117193554508234
124.62594183204594,0.9013751884717092
124.6778279256196,0.9001949999208239
124.866355550139,0.9109966468387869
124.91800424759461,0.9098198898049298
124.93212655304103,0.8994767615484313
124.98452369467458,0.8983009527287462
125.36728192403194,0.8972623971861486
125.42037783029322,0.89609287056022
125.54820043272164,0.9080989274706226
125.60089488237118,0.9069320275752694
125.676408221862,0.8954265108279228
125.73001650089105,0.8942614881430185
125.85835977647511,0.8939368977422144
125.91229458761424,0.8927745421469651
126.10745129175186,0.9056420420683441
126.1610076139521,0.9044833506628752
126.68537081358255,0.8909328733433263
126.74056202012119,0.8897827861557688
126.79707178164581,0.9029801856837887
126.85166799977983,0.9018317682569759
126.86989764584402,0.8894935857756021
126.92541679466238,0.8883462691708208
127.10703259672339,0.901265574905414
127.16212733120301,0.9001218298803985
127.18470645323312,0.887785385922269
127.29010788221107,0.8998473892389645
127.29691596387168,0.8855011105917859
127.34552218253614,0.8987064198704057
127.4270513594566,0.8852314377094452
127.4737592606188,0.8984384197188484
127.58536970902529,0.8961629244257052
127.65395516518001,0.880681107859711
127.72777814695691,0.8815582647903502
127.84278597001821,0.8956483028112799
127.85862277789552,0.8813037339331977
127.89916248473666,0.8945157834047316
127.91593845435409,0.8801714652213255
128.02815900177217,0.8942672422289825
128.04704253182607,0.8799235506746905
128.08485736266576,0.8931375806860525
128.10469058566736,0.8787941879960653
128.2141035269611,0.8928955713940239
128.23605224548768,0.8785529132132226
128.29403322124855,0.8774264779556179
128.32828920439133,0.8906428909113903
128.42565056100918,0.8771918662955402
128.45796185378813,0.8904094500111878
128.54242910047844,0.8749458033475562
128.63086368493677,0.8870431775877657
128.67448442680015,0.8747199386259897
128.73328318112974,0.8736003414766632
128.7611397443455,0.8868203939577366
128.86559005607606,0.87338119883598
128.87749633851263,0.8845848180951615
128.92472391860593,0.8722646027192162
129.00819481638473,0.8843707247504897
129.05728030719897,0.8720522052185979
129.11674972780546,0.8709386318115696
129.1254990263228,0.8821429403992043
129.24955355602728,0.8707330024003873
129.2566177053193,0.8819375895403894
129.3093589613502,0.8696224734347849
129.31567125649528,0.8808271666124974
129.44240811600358,0.8694236349489778
129.50254990909252,0.8683161722091698
129.63584223766995,0.8681241473675994
129.69632079763178,0.8670197726887569
129.973032183935,0.8798802754104013
130.03312420410955,0.8787813060653508
130.36453657309735,0.8661409623842061
130.43677024576215,0.8670708113104785
130.82474806789347,0.8778111053356399
130.83792517765193,0.8666077928784417
130.88604235860376,0.8767259761514977
130.90002937159562,0.865522886191472
131.0340184331,0.8653801905334367
131.09645650090025,0.8642985057777837
131.5478256000709,0.8760566326325808
131.61013419918208,0.874983441799391
131.76790634803336,0.8636671952754483
131.8313830927618,0.862597679310775
131.87545688084035,0.874752880863511
131.93825968744358,0.8736851561290598
132.23521395008868,0.8622826527157856
132.29937066260473,0.8612209771532794
132.33699923393286,0.87338119883598
132.40046339709147,0.8723212333185083
132.43421693838604,0.8611277643062356
132.49870493665216,0.8600694494352094
132.53360390386462,0.8722315665049939
132.59739053101396,0.8711749274998428
132.76882539196876,0.8599019130726485
132.83381643806987,0.8588492772986454
132.9690857631469,0.8587749812380516
133.03440743837302,0.8577257618197505
133.13087100163136,0.8708724575295143
133.16986994992652,0.8576585680741248
133.1954789787308,0.8698259990804045
133.23552215453412,0.8566127868286023
133.50684623245738,0.8564974446403455
133.57299813248534,0.8554574620987443
133.72993990423637,0.8696082721935667
133.79535974085238,0.8685721392931826
134.11650522179886,0.8552938353531448
134.18542295024028,0.8562931547322311
134.33068722839036,0.8684394250376415
134.39831614938794,0.8694425739068091
134.4569283062762,0.8562450794350686
134.5253712633418,0.857250492984768
134.66572269879234,0.8694094304598614
134.73288874394322,0.8704185554962651
134.93219437542567,0.8572216803440764
135.0,0.858235542887082
135.13545076306158,0.858237941140981
135.20293579664792,0.8592553953948286
135.40066325579215,0.8704303788634289
135.46798312437025,0.8694236349489778
135.73537802424104,0.8694662470239728
135.80128733010702,0.8704942222711303
136.46880071438582,0.8706951802103796
136.53732400828778,0.8697076760124348
136.55546536803,0.8595667423850428
136.62497635752476,0.85858082247576
136.67093160216442,0.8697644730939299
136.7357045889284,0.8708086418521626
136.76030913057932,0.858640752703824
136.8045210212692,0.8698259990804045
136.8301300500735,0.8576585680741248
136.965592561627,0.8577257618197505
137.07163954272713,0.869963233677896
137.10601326796993,0.8557701908571811
137.1409013663231,0.8689867407048244
137.24175066319737,0.8558471527176749
137.2745712879451,0.869064900519653
137.31235004520482,0.8548737969421262
137.41384962895822,0.8671206600873642
137.4482097216092,0.8549580618785573
137.51911730508897,0.853988513115303
137.54778032015807,0.867208481912907
137.61779638972737,0.8662407640877382
137.65509593739938,0.8540800952038714
137.72631099390625,0.8531143739638033
137.7518410265324,0.8663358026402508
137.8221552998118,0.8653718658937314
137.86240522611175,0.8532132870343127
137.93392699659356,0.8522514137803148
137.95631065750365,0.8654741344876191
138.02692239461155,0.8645139986660799
138.20630516297248,0.8524687447765097
138.2782763795365,0.8515132820791248
138.42960518065402,0.86485677169002
138.50079061337897,0.8639054798515324
138.76933348815015,0.8641627533942075
138.84094902533695,0.8632178499955603
138.97529436053483,0.863356134990674
139.04720191512217,0.8624151210998019
139.09533451724823,0.8522960918989461
139.16830865326088,0.8513573590315175
139.18163777188556,0.8625606935134128
139.2538364361192,0.8616235885514867
139.5228339483304,0.8619340801056965
139.57664198640592,0.8518214180850416
139.59545495409063,0.8610034648126169
139.65018484988627,0.8508918374130855
139.73001083202948,0.861168396787695
139.786328594911,0.8510587289857113
139.8601660520637,0.8501331565872672
139.8759862124622,0.8593164761980145
139.996388548814,0.8503074589542685
140.14481144491572,0.8484657947978252
140.1454581679388,0.8596708986994632
140.2189404696675,0.8587522118037157
140.28124062844512,0.8486501410611096
140.35371958665826,0.858939142976591
140.42748688392487,0.8580244702937339
140.43057069663806,0.8468194561693978
140.56233339438901,0.8582187549221387
140.56720035264522,0.8470138809282126
140.63638458666637,0.8573081153611221
140.64223743202416,0.8461033450738348
140.7712949412297,0.8575097631858071
140.77893253676316,0.8463052305763252
140.84562889858407,0.8566031755727752
140.92974876777575,0.8444938354523939
140.98059952476345,0.8568121960581435
141.05521508784855,0.8559096791337353
141.06663307360515,0.844705852370937
141.1902423905011,0.8561260814652863
141.21835082481022,0.8429056715204328
141.26513837056072,0.855227653881931
141.4002187323429,0.8554514469637425
141.47539391122152,0.8545571272829556
141.49241184343876,0.8433548566877404
141.56876412182112,0.8424623547743177
141.61052369305833,0.8547883197352096
141.68597682322013,0.853898126424886
141.7058072853279,0.8426968654133787
141.82115236478435,0.8541367265814371
141.8592440272155,0.8409217558725903
141.8968821693408,0.8532506780131448
141.99645460614263,0.8411664837726167
142.03209978954158,0.8534966939191326
142.07353767496136,0.8402839050175868
142.1081049622875,0.8526148083654066
142.21078840984893,0.8405361649398725
142.28815389856715,0.8396578262956265
142.3785358426738,0.8531264371473781
142.45493081887608,0.8522514137803148
142.5626422184369,0.8401822449050846
142.72526004396894,0.8527873967165558
142.95308197143842,0.8358410264953041
143.0333190348688,0.8493241194195081
143.09077787198962,0.8361241675634387
143.1688026383841,0.8496100349315141
143.55796512345825,0.8453294097991814
143.6939041782563,0.8456337141307793
143.80483960677884,0.8284342127544253
143.82637095422794,0.8264292554395163
143.90674418377975,0.8255832781611223
144.04580126159075,0.8258998423906498
144.28824198761274,0.8233801693706164
144.42752015955423,0.8237100742922521
144.9175041983997,0.8187324591029465
144.94201836330578,0.8167339269576918
145.35602624927003,0.8126347411662892
145.38180515923824,0.8106389493356179
145.5227975883917,0.8110070310223261
145.70189589435608,0.8249036260317465
145.72812879197932,0.8229100764593881
146.05961269987256,0.8196922334467299
146.08688433747022,0.8177010813899623
146.19658785528188,0.8045655928547106
146.22471323168614,0.802575381025022
146.25406142443222,0.8161036531209523
146.28192867394657,0.8141138370815785
146.4502254833421,0.8125245553791552
146.5666067229286,0.7993992742958769
146.5903794732477,0.8129297628763321
146.59583718439697,0.7974116552960177
146.7595223008584,0.8113533829176565
146.76828893202065,0.7958355728882669
146.78879460406256,0.8093671467866763
146.79815536984572,0.7938494022725333
146.88488336544455,0.7930647012525224
146.91514707126504,0.7910793793321194
147.08961521401656,0.7895167261491092
147.1205311551265,0.7875329142695229
147.1300036194147,0.806238220458894
147.16037638879178,0.8042547069739518
147.47254872083676,0.7844323480166326
147.50463567591547,0.7824514285493259
147.50520005514628,0.801157197000305
147.53669642994885,0.7991765256198228
147.797800002848,0.7968745872739551
147.8301946887065,0.7948961915467638
148.26996924489373,0.7911001938555539
148.3037835400257,0.7891255793505786
148.5704343851615,0.7868727120083755
148.67130713219584,0.7725918635952659
148.71395810724013,0.7873512504477764
148.8174191486349,0.7730739170955238
149.0721881178615,0.7843864284767055
149.09110694893664,0.7708542419862592
149.10831359282585,0.7824185461110712
149.1279166369197,0.768886525774943
149.28896423390896,0.7809492636597772
149.32579642684286,0.7789832672707231
149.86762983327662,0.7630608314396935
149.90682038239905,0.7611000098539894
150.0940628250366,0.7596653600173183
150.1340146054305,0.7577066172929008
150.3225254713861,0.756281859715875
150.36324932158183,0.7543252456145245
150.61312979160203,0.7689306941561653
150.65392279279462,0.7669768284114666
150.7435388071436,0.7515040303888758
150.7856200197316,0.7495514203589954
150.9774106747449,0.748155150911659
151.02029230207123,0.7462048110699986
151.02897830627674,0.7641807734598014
151.07109027956508,0.762230933946926
151.31019556007246,0.744129048509779
151.35418348600007,0.7421819950393309
151.45000623297918,0.7594716101709271
151.49346243200765,0.7575259520511204
151.54894085497133,0.7408107338471668
151.59375501689422,0.7388660788428252
151.68451902755527,0.7561607404115669
151.72877052847502,0.7542174572840425
152.01750972671832,0.7521884354981089
152.0628571734614,0.750248580622088
152.1841480081566,0.7348100894171126
152.25679552799372,0.7489085802575818
152.278123664581,0.7309343632488707
152.3029630298618,0.746971229679359
152.37776532418462,0.730268089027042
152.4004856863381,0.7463054828592256
152.4254360403056,0.7283320231477765
152.4471884232822,0.7443696526247462
152.52556837372288,0.7276690233163424
152.54518081203167,0.743707112110799
152.573803900012,0.7257345321831954
152.5924245621816,0.7417728252132213
152.67443004579113,0.7250748346434588
152.72323661688634,0.7231419426087228
152.82435972320596,0.7224855755435161
152.87374364119316,0.720554307330683
152.88834478628868,0.7398014866464726
152.93673721030837,0.7378709087374825
153.03602904093003,0.737219279490119
153.0771742968248,0.7192505599066188
153.08497895494182,0.7352903195244405
153.1780187984185,0.7153941146018387
153.28065176455723,0.7147479109104342
153.2846979972878,0.7339959215582775
153.33180621694294,0.7128216663010559
153.33451811155797,0.7320697145460332
153.434948822922,0.7121789086813413
153.434948822922,0.7314269872943505
153.48534087634303,0.7295024615801455
153.486706513914,0.710254390613396
153.58625774805984,0.7288631183678607
153.590361948587,0.7096151086937127
153.63722787488496,0.7269402992293111
153.64272952407734,0.7076923438324924
153.7469009827833,0.7070565675378178
153.84021725076127,0.7256707166963459
153.8531587644191,0.7032152046689818
153.89208629959137,0.7237507917468337
153.95818340510618,0.7025841656873207
154.0662817225662,0.6987476723725672
154.09641600045825,0.722492697690786
154.14919580582563,0.7205757308270877
154.17217000465772,0.6981214400522788
154.25194556014654,0.7199513317136274
154.28214444299925,0.6942899323945684
154.3589941756947,0.7161216542117641
154.38890694569415,0.6936685773888837
154.44469567413623,0.6917550462378377
154.46256560936368,0.7155019981997982
154.51684483276753,0.7135893268415594
154.62092066608477,0.712973243717849
154.6594862558324,0.6905221189478054
154.73101232093913,0.7091523210706757
154.83082092052422,0.6847932101580823
154.83592502670572,0.7085410947665384
154.89174818724672,0.7066328843473493
154.93955767329624,0.6841842891249793
154.9971737397644,0.7060253074873046
155.05609473657543,0.680371101608861
155.11039883668963,0.7022134772720658
155.16573939663792,0.6797673030743485
155.21667665779998,0.7016108742399104
155.3441012559184,0.6740569157449056
155.38985762016114,0.6959022674432986
155.45503019816528,0.6734596812318868
155.49734054800183,0.6953060356266093
155.61507244407807,0.6915065530927281
155.69908003535147,0.6658617403632566
155.7234323102591,0.6909154651141698
155.81169129888508,0.665272618222885
155.90352879203604,0.6852258914599474
155.9995500463166,0.6595865294065038
156.01312984412192,0.6846414064659873
156.11350007836526,0.659004290736385
156.25939546509343,0.6770716662415732
156.3706222693432,0.6514399655793514
156.48203832630776,0.6759215852448504
156.48632733384258,0.6508662511488847
156.60871140288378,0.6721472657961399
156.75107645726754,0.6433214172105425
156.83358004979485,0.67101328407402
156.84989673529577,0.6678109401623121
156.86857918537254,0.6427564676208904
156.89819280563898,0.6691303227762038
156.91486632719173,0.6659281964843753
157.0285150107872,0.6653669746865329
157.21041464721185,0.6333531122732646
157.2267843856498,0.6597284989367032
157.33017362451704,0.6327987791456993
157.34176520702542,0.6591744887332596
157.61300399974212,0.6516753109688324
157.72973207994468,0.6511302541810894
158.6612323119817,0.626885489670796
158.78346969020876,0.6263648662661055
159.01002154996291,0.6207998554755055
159.1337478520018,0.620287397299085
159.31847832179912,0.613395258767019
159.3657032864406,0.6147376818104289
159.91802251581925,0.5682440821039084
159.96757497983236,0.5695917377452048
160.07604664675185,0.5936159315919062
160.1231278053967,0.5949649286033997
160.79754133413456,0.5757735624144409
160.84438755456034,0.5771286007567837
160.88568642161275,0.573947523882127
161.02112024428655,0.5734793386003548
161.4682678577908,0.5371597378164982
161.613483777134,0.5367054816497318
161.76059915334886,0.5317178894916886
161.8088615331821,0.5330806637671965
162.52241133272815,0.5159079553872031
162.57013718233216,0.5172765697919773
162.5790298998633,0.5127404583557283
162.62689902699955,0.5141094978507413
162.74254661817415,0.5077768960064033
162.7904424794521,0.5091471542154786
162.87471807816118,0.5359379312828828
162.91976642810863,0.5373091558505984
163.0178935464546,0.501025510297981
163.0656814032192,0.5023977949197957
163.07935446303009,0.49786254941881475
163.12727609392041,0.4992352826135905
163.25283625152028,0.49291202219731917
163.3007557660064,0.4942860116384479
163.42983643641702,0.48796610553339703
163.47774300835954,0.4893413636783093
163.59143084583687,0.4875588929700413
163.65834180383476,0.4844014803049037
163.70595254340108,0.4857783559404927
163.84266013541207,0.47946650878507435
163.89023141207508,0.48084467388912333
163.98882252119154,0.5149355698826812
164.03081017207577,0.47453660236218315
164.0327354820043,0.5163147348592743
164.0783290581821,0.47591606899195776
164.22290846459052,0.4696119205538471
164.27036124476882,0.4709927006354871
164.27676576007897,0.5082387840273523
164.29666340889594,0.4664609904067234
164.32047587758078,0.5096199169332971
164.34421804115007,0.4678422710897414
164.37142142886626,0.46331084372405656
164.41907615174838,0.46469262946708334
164.571877821991,0.4583957749528937
164.57239076081441,0.5015551769540799
164.61586925187493,0.5029382939467183
164.6194391776947,0.4597789021320165
164.6498635075756,0.4552485956548037
164.69751637564605,0.4566322405593789
164.72893479595874,0.4521022714970644
164.77667695378545,0.4534864387023739
164.93833845545382,0.4471974867021402
164.9859560854473,0.4485830231843276
164.99341973593295,0.49312702561993327
165.02088603411823,0.4440543741140001
165.03646035493477,0.4945129044718976
165.06858282186246,0.4454404457026838
165.37121987377355,0.4374064398043487
165.41853163068006,0.43879474805818114
165.42906628717756,0.4847264273508622
165.47160732336414,0.4861150851070898
165.50838058985042,0.48158890999769677
165.55096987354057,0.482978065496417
165.83783194468725,0.4749636471301291
165.8708194205354,0.4290326248636797
165.8800520196539,0.4763548398580027
165.9174382078765,0.43042403260322126
166.04857627694076,0.4700916048723505
166.05676907944633,0.4286846674463319
166.09061044918218,0.47148407684117527
166.1972343738638,0.4269478579910858
166.26373169437744,0.4652260556521975
166.3055617509692,0.4666198141778147
166.35205029802802,0.4620986701705121
166.3843542098844,0.42660784970248783
166.3938969457507,0.46349295142487495
166.44157227424222,0.45897239762880865
166.48161718308802,0.42348203191840095
166.48343189120868,0.46036720534142317
166.52684188726886,0.4248770838549204
166.53232194012912,0.4558472609252425
166.5741907502853,0.45724259882837914
166.58032638448614,0.42035745263266355
166.62555953512887,0.42175307933990785
166.68051371295866,0.41723413966984274
166.7257502342079,0.41863034550359035
166.75948008481282,0.4509968992472433
166.80109676862395,0.45239354814501453
166.93068210371783,0.41238880531891176
166.97560369958362,0.4137864376766166
167.03549133958074,0.4092700588663948
167.08039727822734,0.41066828129135624
167.13015001198963,0.44443429591590383
167.17121712854458,0.44583303657532025
167.3697839374234,0.43960315506128567
167.4105404650423,0.44100321703800077
167.4490532735913,0.4027225728399188
167.47119229084848,0.43649023666396114
167.4932545845263,0.40412307616887716
167.5119142310515,0.4378908506951693
167.5740571345725,0.4333787052477454
167.61473904011075,0.434779874768071
167.67840939646985,0.43026859090292774
167.71767241863935,0.3979022683410119
167.71904559490062,0.4316703193181891
167.76146460618233,0.39930421429110735
167.78428086586914,0.42715992458223084
167.82486545009496,0.4285622152655581
167.8325325819273,0.39479420768860957
167.8762617522106,0.3961967614023895
168.11134196037204,0.38998674108786163
168.15460854041524,0.3913907458383749
168.49689300671164,0.41726127099429433
168.53604698430743,0.4186672189467985
168.61222004737098,0.4141643067506427
168.651275534945,0.4155708265225822
169.07345363711946,0.37843950365127504
169.11447294534128,0.37984825898354957
169.20623175574462,0.4060209207576751
169.2440149844467,0.40743029375244616
169.3302171955033,0.40293461883122034
169.3678565419343,0.4043445685903351
169.38034472384487,0.3736750065605794
169.42073177978259,0.37508519410846247
169.62129501009096,0.39817891707056197
169.6583547055211,0.3995901944213
169.69515353123398,0.36892150674934343
169.7348595397863,0.37033312144049885
169.75097921624402,0.39509908120516696
169.7878650676529,0.3965109385236214
169.8358303641549,0.36584291688894066
169.8753283446022,0.3672551557881997
169.97889401791477,0.3627665698896995
170.01817071226685,0.3641794348481168
170.3112134396332,0.3580349584624855
170.3497001871881,0.3594492431488942
170.65242219033505,0.35331571397669304
170.69005982501398,0.35473140690424226
170.9267172295063,0.38209846694306865
170.96051719664487,0.38351524940496884
171.07247040807192,0.37904001834666246
171.10599918491403,0.38045737016872133
171.1998021236195,0.3469700126076634
171.235899172122,0.34838785971021285
171.40408856307906,0.37434915063770285
171.43678445232092,0.3757677633498573
171.55680907082336,0.3712989343656882
171.56423248664854,0.3422846251682632
171.5891911189773,0.3727181119457833
171.5993174636821,0.3437038349413676
171.73282666448938,0.33923733666465317
171.76752292540417,0.34065715761701043
171.9016053235773,0.366626918078531
171.90447566187126,0.33619303866112904
171.93306827020692,0.3680473335773801
171.93876273228986,0.3376134692427509
172.07926009835893,0.33315181313810516
172.11311659522013,0.33457285139215714
172.2552894535771,0.3619685213777011
172.28577260570117,0.3633901533398233
172.47149891603945,0.32850116822648556
172.50414236027015,0.32992352174399586
173.0189425931702,0.35411873172140396
173.0470425318261,0.3555428054901819
173.09644608027497,0.32226723091164877
173.12697006165854,0.3236915424232694
173.29016319224309,0.3192480797340477
173.32011393677743,0.32067296401835804
173.40008301808612,0.34950562939198865
173.42700501352664,0.3509308275698607
173.45796185378813,0.31480728006774755
173.51692630710275,0.31765809884907775
173.6598082540901,0.3117951095651979
173.68878942486737,0.31322104190345945
173.79140145291456,0.3449084064028241
173.81706983405175,0.34633469354345153
173.83701113088443,0.30736047027128127
173.89390615271574,0.3102133741054465
174.01940047523655,0.3029288570180255
174.07541801801753,0.305782720190983
174.17927575447496,0.2970730990603256
174.19327309446842,0.34032770625958797
174.21760767763595,0.3417550426471229
174.2622653299436,0.3013552253623007
174.37325428485926,0.29264746764042915
174.3863949704769,0.3373298616193672
174.41013104017222,0.338757677386823
174.4278021960362,0.29550311050875433
174.54608111140877,0.28679708900924866
174.5829778861434,0.3343359180951065
174.60608949378775,0.3357642052071964
174.62660226040612,0.2910818933020414
174.7376046004049,0.32848863671018336
174.75286109838356,0.2823780529669663
174.8055710922652,0.33277473116877887
174.8055710922652,0.28523548385895336
174.94275146744087,0.3255018995109365
174.96491532054333,0.3269310060544846
174.96621304379997,0.27796281176248283
175.0175804096242,0.2808211921176695
175.15169523160512,0.32251941246825466
175.16958004171005,0.20444886719044036
175.17314121887705,0.32394896893644665
175.18644910629348,0.2735515491468671
175.2363583092738,0.27641086813796156
175.2363583092738,0.20730815110347114
175.3417458903244,0.19432193472499484
175.34365365110395,0.318111341373101
175.38523342211158,0.32097128987855544
175.438192012543,0.270574558773413
175.46222749209338,0.27200470492149365
175.53915174148344,0.20290270770484292
175.5612836322953,0.3151372856622009
175.57708857144965,0.26045036307703473
175.58137953301085,0.3165676691870649
175.65676004831062,0.22733022992244095
175.6617332085718,0.2086244693963955
175.7026133360583,0.24889716511874008
175.7184637649294,0.26903354982581923
175.78305717083143,0.31216786320025486
175.80233164283908,0.31359866405415926
175.8691437667236,0.258912693812446
175.99219545762767,0.22579490319200057
176.0090869015702,0.3092032074730367
176.0090869015702,0.2473625659784294
176.02750405924934,0.31063441167182887
176.23948929424304,0.3062434569167836
176.25701170431287,0.3076750494092435
176.47438480282557,0.3032887551380654
176.49097341138344,0.30472071974085546
176.698134325565,0.29890695433473796
176.72951207681643,0.3017715704732918
176.94341955185055,0.2959624636828635
176.95815784338163,0.2973950995885617
177.1658889836935,0.2901576472185021
177.2072976342867,0.29445646102017886
177.4104981527591,0.28579057852317785
177.436229788535,0.2886570118025923
177.4551956201869,0.19387124953995255
177.65072135251987,0.27999541296157565
177.68627750217578,0.2842958514522147
177.89005715186676,0.2727716778384705
177.93352301435576,0.27850653557138966
177.9545915111128,0.24117773374823706
178.1523897340054,0.26698687838223994
178.18169703554818,0.27128867750538654
178.30535293146283,0.24256482669523144
178.45184230102205,0.26551032792761114
